generation,best_composite,best_avalanche,best_balance,best_period,best_chisq,best_min_pb,best_max_pb,best_bias_pb,best_used,mean_composite
1,-208.117188,0.6563,31.7813,1024,1367.5000,0.000000,0.031250,0.489746,154,-268.765822
2,-208.117188,0.6563,31.7813,1024,1367.5000,0.000000,0.031250,0.489746,154,-233.428753
3,-199.601563,0.6563,31.3594,1024,305.0000,0.000000,0.031250,0.489746,161,-216.578156
4,-199.601563,0.6563,31.3594,1024,305.0000,0.000000,0.031250,0.489746,161,-211.369562
5,-196.417969,0.6719,32.0234,1024,305.0000,0.000000,0.031250,0.489502,161,-206.628355
6,-196.417969,0.6719,32.0234,1024,305.0000,0.000000,0.031250,0.489502,161,-201.582667
7,-196.035156,0.6719,32.0469,1024,244.0000,0.000000,0.031250,0.489502,161,-199.094179
8,-196.035156,0.6719,32.0469,1024,244.0000,0.000000,0.031250,0.489502,161,-197.587709
9,-196.035156,0.6719,32.0469,1024,244.0000,0.000000,0.031250,0.489502,161,-197.197532
10,-196.015625,0.6563,32.0234,1024,244.0000,0.000000,0.015625,0.489746,161,-196.722452
11,-195.820313,0.6875,32.0234,1024,244.0000,0.000000,0.031250,0.489258,162,-196.952065
12,-195.800781,0.6719,32.0000,1024,244.0000,0.000000,0.031250,0.489502,161,-196.149292
13,-195.800781,0.6719,32.0000,1024,244.0000,0.000000,0.031250,0.489502,161,-196.762941
14,-195.800781,0.6719,32.0000,1024,244.0000,0.000000,0.031250,0.489502,161,-196.528780
15,-195.800781,0.6719,32.0000,1024,244.0000,0.000000,0.031250,0.489502,161,-196.833740
16,-195.800781,0.6719,32.0000,1024,244.0000,0.000000,0.031250,0.489502,161,-196.159692
17,-195.800781,0.6719,32.0000,1024,244.0000,0.000000,0.031250,0.489502,161,-196.174316
18,-195.800781,0.6719,32.0000,1024,244.0000,0.000000,0.031250,0.489502,161,-196.371765
19,-195.800781,0.6719,32.0000,1024,244.0000,0.000000,0.031250,0.489502,161,-196.642534
20,-195.800781,0.6719,32.0000,1024,244.0000,0.000000,0.031250,0.489502,161,-196.536455
21,-195.800781,0.6719,32.0000,1024,244.0000,0.000000,0.031250,0.489502,161,-196.320627
22,-195.800781,0.6719,32.0000,1024,244.0000,0.000000,0.031250,0.489502,161,-196.439292
23,-195.800781,0.6719,32.0000,1024,244.0000,0.000000,0.031250,0.489502,161,-196.957942
24,-195.800781,0.6719,32.0000,1024,244.0000,0.000000,0.031250,0.489502,161,-197.296287
25,-195.800781,0.6719,32.0000,1024,244.0000,0.000000,0.031250,0.489502,161,-196.342375
26,-195.800781,0.6719,32.0000,1024,244.0000,0.000000,0.031250,0.489502,161,-196.804607
27,-195.800781,0.6719,32.0000,1024,244.0000,0.000000,0.031250,0.489502,161,-196.854553
28,-195.800781,0.6719,32.0000,1024,244.0000,0.000000,0.031250,0.489502,161,-196.596782
29,-195.605469,0.7031,32.0000,1024,244.0000,0.000000,0.031250,0.489014,161,-197.087810
30,-195.605469,0.7031,32.0000,1024,244.0000,0.000000,0.031250,0.489014,161,-196.498902
31,-195.605469,0.7031,32.0000,1024,244.0000,0.000000,0.031250,0.489014,161,-196.396861
32,-195.591278,0.7188,31.9844,1024,244.0000,0.000000,0.031250,0.488783,161,-196.539273
33,-195.591278,0.7188,31.9844,1024,244.0000,0.000000,0.031250,0.488783,161,-196.801484
34,-195.591278,0.7188,31.9844,1024,244.0000,0.000000,0.031250,0.488783,161,-196.335814
35,-195.591278,0.7188,31.9844,1024,244.0000,0.000000,0.031250,0.488783,161,-196.936396
36,-195.591278,0.7188,31.9844,1024,244.0000,0.000000,0.031250,0.488783,161,-195.999675
37,-195.591278,0.7188,31.9844,1024,244.0000,0.000000,0.031250,0.488783,161,-196.630413
38,-195.591278,0.7188,31.9844,1024,244.0000,0.000000,0.031250,0.488783,161,-196.417990
39,-195.591278,0.7188,31.9844,1024,244.0000,0.000000,0.031250,0.488783,161,-196.440530
40,-195.591278,0.7188,31.9844,1024,244.0000,0.000000,0.031250,0.488783,161,-195.986176
41,-195.591278,0.7188,31.9844,1024,244.0000,0.000000,0.031250,0.488783,161,-196.211312
42,-195.591278,0.7188,31.9844,1024,244.0000,0.000000,0.031250,0.488783,161,-196.429901
43,-195.591278,0.7188,31.9844,1024,244.0000,0.000000,0.031250,0.488783,161,-196.363919
44,-195.591278,0.7188,31.9844,1024,244.0000,0.000000,0.031250,0.488783,161,-196.038637
45,-195.591278,0.7188,31.9844,1024,244.0000,0.000000,0.031250,0.488783,161,-195.930855
46,-195.591278,0.7188,31.9844,1024,244.0000,0.000000,0.031250,0.488783,161,-196.387014
47,-195.552216,0.7188,31.9922,1024,244.0000,0.000000,0.031250,0.488783,161,-196.657103
48,-195.552216,0.7188,31.9922,1024,244.0000,0.000000,0.031250,0.488783,161,-196.040778
49,-195.552216,0.7188,31.9922,1024,244.0000,0.000000,0.031250,0.488783,161,-196.308029
50,-195.552216,0.7188,31.9922,1024,244.0000,0.000000,0.031250,0.488783,161,-196.360120
51,-195.552216,0.7188,31.9922,1024,244.0000,0.000000,0.031250,0.488783,161,-196.557908
52,-195.552216,0.7188,31.9922,1024,244.0000,0.000000,0.031250,0.488783,161,-196.203966
53,-195.552216,0.7188,31.9922,1024,244.0000,0.000000,0.031250,0.488783,161,-195.909679
54,-195.513153,0.7188,32.0000,1024,244.0000,0.000000,0.031250,0.488783,160,-196.230388
55,-195.513153,0.7188,32.0000,1024,244.0000,0.000000,0.031250,0.488783,160,-195.986876
56,-195.513153,0.7188,32.0000,1024,244.0000,0.000000,0.031250,0.488783,160,-196.226816
57,-195.513153,0.7188,32.0000,1024,244.0000,0.000000,0.031250,0.488783,160,-196.199799
58,-195.513153,0.7188,32.0000,1024,244.0000,0.000000,0.031250,0.488783,160,-196.144114
59,-195.513153,0.7188,32.0000,1024,244.0000,0.000000,0.031250,0.488783,160,-196.123369
60,-195.513153,0.7188,32.0000,1024,244.0000,0.000000,0.031250,0.488783,160,-196.474810
61,-195.513153,0.7188,32.0000,1024,244.0000,0.000000,0.031250,0.488783,160,-196.330042
62,-195.513153,0.7188,32.0000,1024,244.0000,0.000000,0.031250,0.488783,160,-196.016006
63,-195.513153,0.7188,32.0000,1024,244.0000,0.000000,0.031250,0.488783,160,-196.030898
64,-195.513153,0.7188,32.0000,1024,244.0000,0.000000,0.031250,0.488783,160,-196.052566
65,-195.513153,0.7188,32.0000,1024,244.0000,0.000000,0.031250,0.488783,160,-196.489327
66,-195.513153,0.7188,32.0000,1024,244.0000,0.000000,0.031250,0.488783,160,-196.134186
67,-195.513153,0.7188,32.0000,1024,244.0000,0.000000,0.031250,0.488783,160,-196.343758
68,-195.513153,0.7188,32.0000,1024,244.0000,0.000000,0.031250,0.488783,160,-196.562545
69,-195.513153,0.7188,32.0000,1024,244.0000,0.000000,0.031250,0.488783,160,-196.257484
70,-195.513153,0.7188,32.0000,1024,244.0000,0.000000,0.031250,0.488783,160,-196.501679
71,-195.513153,0.7188,32.0000,1024,244.0000,0.000000,0.031250,0.488783,160,-196.376939
72,-195.513153,0.7188,32.0000,1024,244.0000,0.000000,0.031250,0.488783,160,-196.163751
73,-195.513153,0.7188,32.0000,1024,244.0000,0.000000,0.031250,0.488783,160,-196.519761
74,-195.513153,0.7188,32.0000,1024,244.0000,0.000000,0.031250,0.488783,160,-195.932992
75,-195.513153,0.7188,32.0000,1024,244.0000,0.000000,0.031250,0.488783,160,-196.430120
76,-195.513153,0.7188,32.0000,1024,244.0000,0.000000,0.031250,0.488783,160,-196.354239
77,-195.513153,0.7188,32.0000,1024,244.0000,0.000000,0.031250,0.488783,160,-196.361629
78,-195.513153,0.7188,32.0000,1024,244.0000,0.000000,0.031250,0.488783,160,-196.148362
79,-195.513153,0.7188,32.0000,1024,244.0000,0.000000,0.031250,0.488783,160,-196.236675
80,-195.513153,0.7188,32.0000,1024,244.0000,0.000000,0.031250,0.488783,160,-196.333406
81,-195.513153,0.7188,32.0000,1024,244.0000,0.000000,0.031250,0.488783,160,-196.311957
82,-195.513153,0.7188,32.0000,1024,244.0000,0.000000,0.031250,0.488783,160,-196.338992
83,-195.513153,0.7188,32.0000,1024,244.0000,0.000000,0.031250,0.488783,160,-196.194916
84,-195.513153,0.7188,32.0000,1024,244.0000,0.000000,0.031250,0.488783,160,-196.174853
85,-195.513153,0.7188,32.0000,1024,244.0000,0.000000,0.031250,0.488783,160,-196.244869
86,-195.513153,0.7188,32.0000,1024,244.0000,0.000000,0.031250,0.488783,160,-196.282827
87,-195.513153,0.7188,32.0000,1024,244.0000,0.000000,0.031250,0.488783,160,-196.271851
88,-195.513153,0.7188,32.0000,1024,244.0000,0.000000,0.031250,0.488783,160,-197.150149
89,-195.356903,0.7500,32.0078,1024,244.0000,0.000000,0.031250,0.488295,163,-196.170401
90,-195.356903,0.7500,32.0078,1024,244.0000,0.000000,0.031250,0.488295,163,-196.153190
91,-195.356903,0.7500,32.0078,1024,244.0000,0.000000,0.031250,0.488295,163,-196.353638
92,-195.356903,0.7500,32.0078,1024,244.0000,0.000000,0.031250,0.488295,163,-196.188006
93,-195.317841,0.7500,32.0000,1024,244.0000,0.000000,0.031250,0.488295,162,-195.895809
94,-195.317841,0.7500,32.0000,1024,244.0000,0.000000,0.031250,0.488295,162,-196.085736
95,-195.259247,0.7969,32.0469,1024,243.5000,0.000000,0.031250,0.487562,163,-195.901642
96,-195.259247,0.7969,32.0469,1024,243.5000,0.000000,0.031250,0.487562,163,-196.325343
97,-195.259247,0.7969,32.0469,1024,243.5000,0.000000,0.031250,0.487562,163,-196.137657
98,-195.259247,0.7969,32.0469,1024,243.5000,0.000000,0.031250,0.487562,163,-195.823739
99,-195.063934,0.7969,31.9922,1024,243.5000,0.000000,0.031250,0.487562,163,-195.998643
100,-195.063934,0.7969,31.9922,1024,243.5000,0.000000,0.031250,0.487562,163,-195.853380
101,-195.063934,0.7969,31.9922,1024,243.5000,0.000000,0.031250,0.487562,163,-196.035504
102,-195.063934,0.7969,31.9922,1024,243.5000,0.000000,0.031250,0.487562,163,-195.956770
103,-195.063934,0.7969,31.9922,1024,243.5000,0.000000,0.031250,0.487562,163,-196.238350
104,-195.063934,0.7969,31.9922,1024,243.5000,0.000000,0.031250,0.487562,163,-196.084754
105,-195.063934,0.7969,31.9922,1024,243.5000,0.000000,0.031250,0.487562,163,-195.641327
106,-195.063934,0.7969,31.9922,1024,243.5000,0.000000,0.031250,0.487562,163,-195.723612
107,-195.063934,0.7969,31.9922,1024,243.5000,0.000000,0.031250,0.487562,163,-195.336761
108,-195.063934,0.7969,31.9922,1024,243.5000,0.000000,0.031250,0.487562,163,-195.993451
109,-195.063934,0.7969,31.9922,1024,243.5000,0.000000,0.031250,0.487562,163,-195.995163
110,-195.063934,0.7969,31.9922,1024,243.5000,0.000000,0.031250,0.487562,163,-195.854339
111,-195.063934,0.7969,31.9922,1024,243.5000,0.000000,0.031250,0.487562,163,-195.731555
112,-195.063934,0.7969,31.9922,1024,243.5000,0.000000,0.031250,0.487562,163,-195.770333
113,-195.024872,0.7969,32.0000,1024,243.5000,0.000000,0.031250,0.487562,165,-195.913856
114,-195.024872,0.7969,32.0000,1024,243.5000,0.000000,0.031250,0.487562,165,-195.590379
115,-195.024872,0.7969,32.0000,1024,243.5000,0.000000,0.031250,0.487562,165,-195.797501
116,-194.868622,0.8281,31.9922,1024,243.5000,0.000000,0.031250,0.487074,165,-195.756861
117,-194.868622,0.8281,31.9922,1024,243.5000,0.000000,0.031250,0.487074,165,-196.000733
118,-194.868622,0.8281,31.9922,1024,243.5000,0.000000,0.031250,0.487074,165,-195.278204
119,-194.868622,0.8281,31.9922,1024,243.5000,0.000000,0.031250,0.487074,165,-195.379708
120,-194.868622,0.8281,31.9922,1024,243.5000,0.000000,0.031250,0.487074,165,-195.984842
121,-194.829559,0.8281,32.0000,1024,243.5000,0.000000,0.031250,0.487074,166,-195.450425
122,-194.731903,0.8438,32.0000,1024,243.5000,0.000000,0.031250,0.486830,166,-195.816402
123,-194.731903,0.8438,32.0000,1024,243.5000,0.000000,0.031250,0.486830,166,-195.620721
124,-194.731903,0.8438,32.0000,1024,243.5000,0.000000,0.031250,0.486830,166,-195.863227
125,-194.731903,0.8438,32.0000,1024,243.5000,0.000000,0.031250,0.486830,166,-195.742281
126,-194.731903,0.8438,32.0000,1024,243.5000,0.000000,0.031250,0.486830,166,-195.570817
127,-194.731903,0.8438,32.0000,1024,243.5000,0.000000,0.031250,0.486830,166,-195.227654
128,-194.731903,0.8438,32.0000,1024,243.5000,0.000000,0.031250,0.486830,166,-195.361140
129,-194.731903,0.8438,32.0000,1024,243.5000,0.000000,0.031250,0.486830,166,-195.226253
130,-194.731903,0.8438,32.0000,1024,243.5000,0.000000,0.031250,0.486830,166,-195.070648
131,-194.673309,0.8594,32.0078,1024,243.5000,0.000000,0.031250,0.486586,165,-195.560717
132,-194.673309,0.8594,32.0078,1024,243.5000,0.000000,0.031250,0.486586,165,-195.297502
133,-194.673309,0.8594,32.0078,1024,243.5000,0.000000,0.031250,0.486586,165,-195.602452
134,-194.580994,0.8750,32.0078,1024,243.5000,0.000000,0.031250,0.486355,166,-195.396370
135,-194.580994,0.8750,32.0078,1024,243.5000,0.000000,0.031250,0.486355,166,-195.192747
136,-194.580994,0.8750,32.0078,1024,243.5000,0.000000,0.031250,0.486355,166,-195.644933
137,-194.580994,0.8750,32.0078,1024,243.5000,0.000000,0.031250,0.486355,166,-194.950945
138,-194.541931,0.8750,32.0000,1024,243.5000,0.000000,0.031250,0.486355,168,-195.728826
139,-194.541931,0.8750,32.0000,1024,243.5000,0.000000,0.031250,0.486355,168,-195.057343
140,-194.541931,0.8750,32.0000,1024,243.5000,0.000000,0.031250,0.486355,168,-195.315865
141,-194.541931,0.8750,32.0000,1024,243.5000,0.000000,0.031250,0.486355,168,-195.191404
142,-194.541931,0.8750,32.0000,1024,243.5000,0.000000,0.031250,0.486355,168,-194.991815
143,-194.541931,0.8750,32.0000,1024,243.5000,0.000000,0.031250,0.486355,168,-194.994074
144,-194.541931,0.8750,32.0000,1024,243.5000,0.000000,0.031250,0.486355,168,-195.211685
145,-194.541931,0.8750,32.0000,1024,243.5000,0.000000,0.031250,0.486355,168,-195.054280
146,-194.541931,0.8750,32.0000,1024,243.5000,0.000000,0.031250,0.486355,168,-195.055358
147,-194.541931,0.8750,32.0000,1024,243.5000,0.000000,0.031250,0.486355,168,-195.003328
148,-194.541931,0.8750,32.0000,1024,243.5000,0.000000,0.031250,0.486355,168,-195.794099
149,-194.541931,0.8750,32.0000,1024,243.5000,0.000000,0.031250,0.486355,168,-195.312205
150,-194.425681,0.9063,31.9922,1024,259.0000,0.000000,0.046875,0.485867,167,-195.011885
151,-194.425681,0.9063,31.9922,1024,259.0000,0.000000,0.046875,0.485867,167,-194.990754
152,-194.425681,0.9063,31.9922,1024,259.0000,0.000000,0.046875,0.485867,167,-194.949744
153,-194.425681,0.9063,31.9922,1024,259.0000,0.000000,0.046875,0.485867,167,-195.501443
154,-194.425681,0.9063,31.9922,1024,259.0000,0.000000,0.046875,0.485867,167,-195.064116
155,-194.425681,0.9063,31.9922,1024,259.0000,0.000000,0.046875,0.485867,167,-194.619591
156,-194.425681,0.9063,31.9922,1024,259.0000,0.000000,0.046875,0.485867,167,-194.793760
157,-194.425681,0.9063,31.9922,1024,259.0000,0.000000,0.046875,0.485867,167,-194.898774
158,-194.385681,0.9063,31.9922,1024,254.0000,0.000000,0.046875,0.485867,168,-195.119578
159,-194.385681,0.9063,31.9922,1024,254.0000,0.000000,0.046875,0.485867,168,-194.740232
160,-194.385681,0.9063,31.9922,1024,254.0000,0.000000,0.046875,0.485867,168,-194.885310
161,-194.248962,0.9219,32.0000,1024,254.0000,0.000000,0.046875,0.485622,169,-194.845811
162,-194.248962,0.9219,32.0000,1024,254.0000,0.000000,0.046875,0.485622,169,-195.262829
163,-194.248962,0.9219,32.0000,1024,254.0000,0.000000,0.046875,0.485622,169,-194.870620
164,-194.238281,0.9219,32.0000,1024,254.0000,0.000000,0.046875,0.485596,169,-195.494897
165,-194.238281,0.9219,32.0000,1024,254.0000,0.000000,0.046875,0.485596,169,-194.950123
166,-194.218750,0.9375,32.0156,1024,254.0000,0.000000,0.046875,0.485352,169,-195.066209
167,-194.218750,0.9375,32.0156,1024,254.0000,0.000000,0.046875,0.485352,169,-194.862556
168,-194.179688,0.9375,32.0078,1024,254.0000,0.000000,0.046875,0.485352,169,-195.154912
169,-194.179688,0.9375,32.0078,1024,254.0000,0.000000,0.046875,0.485352,169,-194.578785
170,-194.179688,0.9375,32.0078,1024,254.0000,0.000000,0.046875,0.485352,169,-194.961423
171,-194.179688,0.9375,32.0078,1024,254.0000,0.000000,0.046875,0.485352,169,-195.266189
172,-194.179688,0.9375,32.0078,1024,254.0000,0.000000,0.046875,0.485352,169,-195.126648
173,-194.179688,0.9375,32.0078,1024,254.0000,0.000000,0.046875,0.485352,169,-194.629617
174,-194.082031,0.9531,32.0078,1024,254.0000,0.000000,0.046875,0.485107,168,-194.651573
175,-194.082031,0.9531,32.0078,1024,254.0000,0.000000,0.046875,0.485107,168,-195.241221
176,-194.082031,0.9531,32.0078,1024,254.0000,0.000000,0.046875,0.485107,168,-195.451846
177,-194.082031,0.9531,32.0078,1024,254.0000,0.000000,0.046875,0.485107,168,-194.701817
178,-194.082031,0.9531,32.0078,1024,254.0000,0.000000,0.046875,0.485107,168,-194.968070
179,-194.082031,0.9531,32.0078,1024,254.0000,0.000000,0.046875,0.485107,168,-194.966350
180,-194.082031,0.9531,32.0078,1024,254.0000,0.000000,0.046875,0.485107,168,-194.653677
181,-194.082031,0.9531,32.0078,1024,254.0000,0.000000,0.046875,0.485107,168,-194.600234
182,-194.082031,0.9531,32.0078,1024,254.0000,0.000000,0.046875,0.485107,168,-194.872866
183,-194.082031,0.9531,32.0078,1024,254.0000,0.000000,0.046875,0.485107,168,-194.901795
184,-194.082031,0.9531,32.0078,1024,254.0000,0.000000,0.046875,0.485107,168,-194.742755
185,-193.984375,0.9688,31.9922,1024,254.0000,0.000000,0.046875,0.484863,169,-194.904988
186,-193.984375,0.9688,31.9922,1024,254.0000,0.000000,0.046875,0.484863,169,-194.901353
187,-193.984375,0.9688,31.9922,1024,254.0000,0.000000,0.046875,0.484863,169,-195.093154
188,-193.984375,0.9688,31.9922,1024,254.0000,0.000000,0.046875,0.484863,169,-194.958191
189,-193.984375,0.9688,31.9922,1024,254.0000,0.000000,0.046875,0.484863,169,-194.371948
190,-193.984375,0.9688,31.9922,1024,254.0000,0.000000,0.046875,0.484863,169,-194.380508
191,-193.984375,0.9688,31.9922,1024,254.0000,0.000000,0.046875,0.484863,169,-194.567190
192,-193.984375,0.9688,31.9922,1024,254.0000,0.000000,0.046875,0.484863,169,-194.666066
193,-193.984375,0.9688,31.9922,1024,254.0000,0.000000,0.046875,0.484863,169,-194.840437
194,-193.984375,0.9688,31.9922,1024,254.0000,0.000000,0.046875,0.484863,169,-194.865545
195,-193.984375,0.9688,31.9922,1024,254.0000,0.000000,0.046875,0.484863,169,-195.202310
196,-193.984375,0.9688,31.9922,1024,254.0000,0.000000,0.046875,0.484863,169,-194.606948
197,-193.984375,0.9688,31.9922,1024,254.0000,0.000000,0.046875,0.484863,169,-194.689271
198,-193.984375,0.9688,31.9922,1024,254.0000,0.000000,0.046875,0.484863,169,-194.500789
199,-193.964844,0.9844,32.0234,1024,254.0000,0.000000,0.046875,0.484619,171,-194.564814
200,-193.964844,0.9844,32.0234,1024,254.0000,0.000000,0.046875,0.484619,171,-194.768677
201,-193.964844,0.9844,32.0234,1024,254.0000,0.000000,0.046875,0.484619,171,-194.785347
202,-193.691406,1.0156,31.9922,1024,252.0000,0.000000,0.046875,0.484131,171,-194.617615
203,-193.691406,1.0156,31.9922,1024,252.0000,0.000000,0.046875,0.484131,171,-194.552419
204,-193.691406,1.0156,31.9922,1024,252.0000,0.000000,0.046875,0.484131,171,-194.694687
205,-193.691406,1.0156,31.9922,1024,252.0000,0.000000,0.046875,0.484131,171,-194.184699
206,-193.652344,1.0469,31.9609,1024,252.0000,0.000000,0.046875,0.483643,171,-194.809816
207,-193.652344,1.0469,31.9609,1024,252.0000,0.000000,0.046875,0.483643,171,-194.223000
208,-193.496094,1.0469,32.0078,1024,252.0000,0.000000,0.062500,0.483643,172,-194.484044
209,-193.496094,1.0469,32.0078,1024,252.0000,0.000000,0.062500,0.483643,172,-194.240669
210,-193.378906,1.0781,31.9766,1024,252.0000,0.000000,0.062500,0.483154,171,-194.104045
211,-193.378906,1.0781,31.9766,1024,252.0000,0.000000,0.062500,0.483154,171,-193.983154
212,-193.300781,1.0781,31.9922,1024,252.0000,0.000000,0.062500,0.483154,172,-194.184688
213,-193.050156,1.1406,32.0078,1024,269.0000,0.000000,0.078125,0.482178,171,-193.947598
214,-193.050156,1.1406,32.0078,1024,269.0000,0.000000,0.078125,0.482178,171,-194.247781
215,-193.050156,1.1406,32.0078,1024,269.0000,0.000000,0.078125,0.482178,171,-193.558262
216,-192.714844,1.1719,31.9922,1024,253.0000,0.000000,0.078125,0.481689,171,-194.134005
217,-192.714844,1.1719,31.9922,1024,253.0000,0.000000,0.078125,0.481689,171,-193.902893
218,-192.714844,1.1719,31.9922,1024,253.0000,0.000000,0.078125,0.481689,171,-193.735102
219,-192.714844,1.1719,31.9922,1024,253.0000,0.000000,0.078125,0.481689,171,-193.739617
220,-192.656250,1.1875,31.9844,1024,253.0000,0.000000,0.093750,0.481445,171,-193.440750
221,-192.656250,1.1875,31.9844,1024,253.0000,0.000000,0.093750,0.481445,171,-193.582258
222,-192.656250,1.1875,31.9844,1024,253.0000,0.000000,0.093750,0.481445,171,-193.338013
223,-192.656250,1.1875,31.9844,1024,253.0000,0.000000,0.093750,0.481445,171,-193.647781
224,-192.656250,1.1875,31.9844,1024,253.0000,0.000000,0.093750,0.481445,171,-193.360073
225,-192.656250,1.1875,31.9844,1024,253.0000,0.000000,0.093750,0.481445,171,-193.151648
226,-192.656250,1.1875,31.9844,1024,253.0000,0.000000,0.093750,0.481445,171,-193.539915
227,-192.636719,1.2031,31.9688,1024,253.0000,0.000000,0.093750,0.481201,171,-193.229192
228,-192.636719,1.2031,31.9688,1024,253.0000,0.000000,0.093750,0.481201,171,-193.121362
229,-192.636719,1.2031,31.9688,1024,253.0000,0.000000,0.093750,0.481201,171,-193.323219
230,-192.636719,1.2031,31.9688,1024,253.0000,0.000000,0.093750,0.481201,171,-193.217046
231,-192.500000,1.2188,31.9766,1024,253.0000,0.000000,0.093750,0.480957,174,-193.169438
232,-192.500000,1.2188,31.9766,1024,253.0000,0.000000,0.093750,0.480957,174,-193.182373
233,-192.421875,1.2188,31.9922,1024,253.0000,0.000000,0.093750,0.480957,174,-193.329124
234,-192.402344,1.2344,31.9766,1024,253.0000,0.000000,0.093750,0.480713,173,-192.972412
235,-192.382813,1.2500,32.0391,1024,253.0000,0.000000,0.093750,0.480469,172,-192.791716
236,-192.285156,1.2344,32.0000,1024,253.0000,0.000000,0.093750,0.480713,174,-193.333945
237,-192.187500,1.2500,32.0000,1024,253.0000,0.000000,0.093750,0.480469,175,-192.766534
238,-191.885156,1.3594,31.9688,1024,277.5000,0.000000,0.093750,0.478760,173,-192.969060
239,-191.885156,1.3594,31.9688,1024,277.5000,0.000000,0.093750,0.478760,173,-192.784327
240,-191.846094,1.3594,31.9766,1024,277.5000,0.000000,0.093750,0.478760,173,-192.852725
241,-191.670313,1.3750,31.9922,1024,277.5000,0.000000,0.093750,0.478516,174,-192.480210
242,-191.650781,1.3906,32.0234,1024,277.5000,0.000000,0.093750,0.478271,174,-192.332076
243,-191.542969,1.3594,32.0078,1024,241.0000,0.000000,0.093750,0.478760,174,-192.333565
244,-191.542969,1.3594,32.0078,1024,241.0000,0.000000,0.093750,0.478760,174,-192.023157
245,-191.542969,1.3594,32.0078,1024,241.0000,0.000000,0.093750,0.478760,174,-192.295579
246,-191.503906,1.3594,32.0000,1024,241.0000,0.000000,0.093750,0.478760,174,-192.027725
247,-191.347656,1.3906,32.0078,1024,241.0000,0.000000,0.093750,0.478271,175,-192.368054
248,-191.347656,1.3906,32.0078,1024,241.0000,0.000000,0.093750,0.478271,175,-192.090933
249,-191.308594,1.3906,32.0000,1024,241.0000,0.000000,0.093750,0.478271,176,-192.220203
250,-191.230469,1.4219,31.9766,1024,252.0000,0.000000,0.093750,0.477783,175,-192.315935
251,-191.230469,1.4219,31.9766,1024,252.0000,0.000000,0.093750,0.477783,175,-191.768799
252,-191.230469,1.4219,31.9766,1024,252.0000,0.000000,0.093750,0.477783,175,-192.070083
253,-191.230469,1.4219,31.9766,1024,252.0000,0.000000,0.093750,0.477783,175,-191.842568
254,-191.152344,1.4219,31.9922,1024,252.0000,0.000000,0.093750,0.477783,175,-191.672346
255,-191.093750,1.4375,31.9844,1024,252.0000,0.000000,0.093750,0.477539,175,-191.866498
256,-191.093750,1.4375,31.9844,1024,252.0000,0.000000,0.093750,0.477539,175,-191.680309
257,-191.014862,1.4414,32.0000,1024,252.0000,0.000000,0.093750,0.477537,174,-191.733544
258,-191.014862,1.4414,32.0000,1024,252.0000,0.000000,0.093750,0.477537,174,-191.656874
259,-191.014862,1.4414,32.0000,1024,252.0000,0.000000,0.093750,0.477537,174,-191.499422
260,-191.014862,1.4414,32.0000,1024,252.0000,0.000000,0.093750,0.477537,174,-191.737959
261,-190.917206,1.4570,32.0000,1024,252.0000,0.000000,0.093750,0.477293,176,-191.783697
262,-190.917206,1.4570,32.0000,1024,252.0000,0.000000,0.093750,0.477293,176,-191.882717
263,-190.885018,1.4883,32.0156,1024,263.5000,0.000000,0.093750,0.476805,176,-191.576671
264,-190.885018,1.4883,32.0156,1024,263.5000,0.000000,0.093750,0.476805,176,-191.717376
265,-190.885018,1.4883,32.0156,1024,263.5000,0.000000,0.093750,0.476805,176,-191.572008
266,-190.885018,1.4883,32.0156,1024,263.5000,0.000000,0.093750,0.476805,176,-191.837626
267,-190.885018,1.4883,32.0156,1024,263.5000,0.000000,0.093750,0.476805,176,-191.478840
268,-190.728768,1.5195,32.0234,1024,263.5000,0.000000,0.093750,0.476316,176,-191.238917
269,-190.728768,1.5195,32.0234,1024,263.5000,0.000000,0.093750,0.476316,176,-191.774977
270,-190.728768,1.5195,32.0234,1024,263.5000,0.000000,0.093750,0.476316,176,-191.213109
271,-190.214081,1.5820,32.0156,1024,217.5000,0.000000,0.109375,0.475340,176,-191.956256
272,-190.214081,1.5820,32.0156,1024,217.5000,0.000000,0.109375,0.475340,176,-191.412293
273,-190.057831,1.6133,32.0234,1024,217.5000,0.000000,0.109375,0.474852,177,-191.346537
274,-189.902344,1.6406,31.9688,1024,217.5000,0.000000,0.109375,0.474365,177,-190.896266
275,-189.902344,1.6406,31.9688,1024,217.5000,0.000000,0.109375,0.474365,177,-190.506806
276,-189.667969,1.6719,31.9766,1024,217.5000,0.000000,0.109375,0.473877,176,-190.830164
277,-189.667969,1.6719,31.9766,1024,217.5000,0.000000,0.109375,0.473877,176,-190.524198
278,-189.667969,1.6719,31.9766,1024,217.5000,0.000000,0.109375,0.473877,176,-190.297712
279,-189.667969,1.6719,31.9766,1024,217.5000,0.000000,0.109375,0.473877,176,-190.193142
280,-189.667969,1.6719,31.9766,1024,217.5000,0.000000,0.109375,0.473877,176,-190.659717
281,-189.667969,1.6719,31.9766,1024,217.5000,0.000000,0.109375,0.473877,176,-190.472666
282,-189.667969,1.6719,31.9766,1024,217.5000,0.000000,0.109375,0.473877,176,-190.328483
283,-189.648438,1.6563,32.0000,1024,217.5000,0.000000,0.109375,0.474121,178,-190.205994
284,-189.648438,1.6563,32.0000,1024,217.5000,0.000000,0.109375,0.474121,178,-190.315867
285,-189.589844,1.6719,31.9922,1024,217.5000,0.000000,0.109375,0.473877,176,-190.251235
286,-189.589844,1.6719,31.9922,1024,217.5000,0.000000,0.109375,0.473877,176,-190.630767
287,-189.453125,1.6875,32.0000,1024,217.5000,0.000000,0.109375,0.473633,180,-190.625479
288,-189.453125,1.6875,32.0000,1024,217.5000,0.000000,0.109375,0.473633,180,-190.056047
289,-189.453125,1.6875,32.0000,1024,217.5000,0.000000,0.109375,0.473633,180,-190.000605
290,-189.453125,1.6875,32.0000,1024,217.5000,0.000000,0.109375,0.473633,180,-189.985010
291,-189.453125,1.6875,32.0000,1024,217.5000,0.000000,0.109375,0.473633,180,-190.380103
292,-189.453125,1.6875,32.0000,1024,217.5000,0.000000,0.109375,0.473633,180,-189.786072
293,-189.453125,1.6875,32.0000,1024,217.5000,0.000000,0.109375,0.473633,180,-189.913132
294,-189.453125,1.6875,32.0000,1024,217.5000,0.000000,0.109375,0.473633,180,-190.067200
295,-189.453125,1.6875,32.0000,1024,217.5000,0.000000,0.109375,0.473633,180,-189.922791
296,-189.453125,1.6875,32.0000,1024,217.5000,0.000000,0.109375,0.473633,180,-190.195164
297,-189.453125,1.6875,32.0000,1024,217.5000,0.000000,0.109375,0.473633,180,-189.888650
298,-189.453125,1.6875,32.0000,1024,217.5000,0.000000,0.109375,0.473633,180,-190.392380
299,-189.453125,1.6875,32.0000,1024,217.5000,0.000000,0.109375,0.473633,180,-190.178523
300,-189.355469,1.7344,32.0391,1024,217.5000,0.000000,0.109375,0.472900,181,-190.304026
301,-188.906250,1.7813,32.0078,1024,217.5000,0.000000,0.109375,0.472168,181,-189.877981
302,-188.906250,1.7813,32.0078,1024,217.5000,0.000000,0.109375,0.472168,181,-190.444653
303,-188.906250,1.7813,32.0078,1024,217.5000,0.000000,0.109375,0.472168,181,-190.131387
304,-188.906250,1.7813,32.0078,1024,217.5000,0.000000,0.109375,0.472168,181,-189.848521
305,-188.906250,1.7813,32.0078,1024,217.5000,0.000000,0.109375,0.472168,181,-189.478135
306,-188.906250,1.7813,32.0078,1024,217.5000,0.000000,0.109375,0.472168,181,-189.247742
307,-188.823090,1.7979,31.9922,1024,217.5000,0.000000,0.109375,0.471960,183,-189.740822
308,-188.823090,1.7979,31.9922,1024,217.5000,0.000000,0.109375,0.471960,183,-189.363401
309,-188.789063,1.8125,31.9766,1024,232.0000,0.000000,0.109375,0.471680,181,-189.199779
310,-188.789063,1.8125,31.9766,1024,232.0000,0.000000,0.109375,0.471680,181,-189.731975
311,-188.789063,1.8125,31.9766,1024,232.0000,0.000000,0.109375,0.471680,181,-189.695822
312,-188.764496,1.8135,32.0156,1024,217.5000,0.000000,0.109375,0.471716,186,-189.690645
313,-188.574219,1.8281,32.0000,1024,232.0000,0.000000,0.109375,0.471436,186,-189.273489
314,-188.574219,1.8281,32.0000,1024,232.0000,0.000000,0.109375,0.471436,186,-189.608903
315,-188.569183,1.8447,31.9844,1024,232.0000,0.000000,0.109375,0.471228,188,-189.461043
316,-188.569183,1.8447,31.9844,1024,232.0000,0.000000,0.109375,0.471228,188,-189.250978
317,-188.569183,1.8447,31.9844,1024,232.0000,0.000000,0.109375,0.471228,188,-189.147152
318,-188.569183,1.8447,31.9844,1024,232.0000,0.000000,0.109375,0.471228,188,-189.187558
319,-188.491058,1.8447,32.0000,1024,228.0000,0.000000,0.109375,0.471228,188,-189.688615
320,-188.491058,1.8447,32.0000,1024,228.0000,0.000000,0.109375,0.471228,188,-189.150013
321,-188.491058,1.8447,32.0000,1024,228.0000,0.000000,0.109375,0.471228,188,-188.995286
322,-188.491058,1.8447,32.0000,1024,228.0000,0.000000,0.109375,0.471228,188,-189.089253
323,-188.491058,1.8447,32.0000,1024,228.0000,0.000000,0.109375,0.471228,188,-189.328676
324,-188.491058,1.8447,32.0000,1024,228.0000,0.000000,0.109375,0.471228,188,-189.475292
325,-188.491058,1.8447,32.0000,1024,228.0000,0.000000,0.109375,0.471228,188,-189.113458
326,-188.491058,1.8447,32.0000,1024,228.0000,0.000000,0.109375,0.471228,188,-189.017248
327,-188.471527,1.8604,32.0156,1024,228.0000,0.000000,0.109375,0.470984,189,-188.848438
328,-188.471527,1.8604,32.0156,1024,228.0000,0.000000,0.109375,0.470984,189,-189.358741
329,-188.276215,1.8916,32.0156,1024,216.5000,0.000000,0.109375,0.470495,187,-189.284572
330,-188.256683,1.9072,32.0313,1024,216.5000,0.000000,0.109375,0.470251,187,-189.174731
331,-188.256683,1.9072,32.0313,1024,216.5000,0.000000,0.109375,0.470251,187,-188.977240
332,-188.256683,1.9072,32.0313,1024,216.5000,0.000000,0.109375,0.470251,187,-189.129806
333,-188.080902,1.9229,32.0156,1024,216.5000,0.000000,0.109375,0.470007,187,-188.814069
334,-188.080902,1.9229,32.0156,1024,216.5000,0.000000,0.109375,0.470007,187,-188.880951
335,-188.061371,1.9385,32.0313,1024,216.5000,0.000000,0.109375,0.469763,188,-188.465766
336,-187.983246,1.9385,32.0156,1024,243.0000,0.000000,0.109375,0.469763,187,-188.400890
337,-187.983246,1.9385,32.0156,1024,243.0000,0.000000,0.109375,0.469763,187,-188.759409
338,-187.983246,1.9385,32.0156,1024,243.0000,0.000000,0.109375,0.469763,187,-188.923679
339,-187.983246,1.9385,32.0156,1024,243.0000,0.000000,0.109375,0.469763,187,-188.709308
340,-187.944183,1.9385,32.0078,1024,243.0000,0.000000,0.109375,0.469763,188,-188.604704
341,-187.944183,1.9385,32.0078,1024,243.0000,0.000000,0.109375,0.469763,188,-188.686525
342,-187.944183,1.9385,32.0078,1024,243.0000,0.000000,0.109375,0.469763,188,-188.665442
343,-187.944183,1.9385,32.0078,1024,243.0000,0.000000,0.109375,0.469763,188,-188.525913
344,-187.944183,1.9385,32.0078,1024,243.0000,0.000000,0.109375,0.469763,188,-188.455527
345,-187.944183,1.9385,32.0078,1024,243.0000,0.000000,0.109375,0.469763,188,-188.414818
346,-187.944183,1.9385,32.0078,1024,243.0000,0.000000,0.109375,0.469763,188,-188.658356
347,-187.944183,1.9385,32.0078,1024,243.0000,0.000000,0.109375,0.469763,188,-189.172637
348,-187.944183,1.9385,32.0078,1024,243.0000,0.000000,0.109375,0.469763,188,-188.729467
349,-187.944183,1.9385,32.0078,1024,243.0000,0.000000,0.109375,0.469763,188,-188.979195
350,-187.905121,1.9385,32.0000,1024,243.0000,0.000000,0.109375,0.469763,189,-188.503402
351,-187.905121,1.9385,32.0000,1024,243.0000,0.000000,0.109375,0.469763,189,-188.864152
352,-187.905121,1.9385,32.0000,1024,243.0000,0.000000,0.109375,0.469763,189,-188.665717
353,-187.905121,1.9385,32.0000,1024,243.0000,0.000000,0.109375,0.469763,189,-188.750268
354,-187.905121,1.9385,32.0000,1024,243.0000,0.000000,0.109375,0.469763,189,-188.804704
355,-187.905121,1.9385,32.0000,1024,243.0000,0.000000,0.109375,0.469763,189,-189.024857
356,-187.846527,1.9541,31.9922,1024,243.0000,0.000000,0.125000,0.469519,192,-188.565762
357,-187.651215,1.9854,31.9922,1024,253.0000,0.000000,0.109375,0.469030,189,-188.701674
358,-187.651215,1.9854,31.9922,1024,253.0000,0.000000,0.109375,0.469030,189,-188.381162
359,-187.651215,1.9854,31.9922,1024,253.0000,0.000000,0.109375,0.469030,189,-188.661686
360,-187.651215,1.9854,31.9922,1024,253.0000,0.000000,0.109375,0.469030,189,-188.257641
361,-187.651215,1.9854,31.9922,1024,253.0000,0.000000,0.109375,0.469030,189,-188.354006
362,-187.651215,1.9854,31.9922,1024,253.0000,0.000000,0.109375,0.469030,189,-188.687247
363,-187.651215,1.9854,31.9922,1024,253.0000,0.000000,0.109375,0.469030,189,-188.313689
364,-187.573090,2.0479,31.9297,1024,232.5000,0.000000,0.109375,0.468054,190,-188.596622
365,-187.338715,2.0479,32.0234,1024,253.0000,0.000000,0.109375,0.468054,189,-188.590839
366,-187.026215,2.1104,31.9609,1024,232.5000,0.000000,0.109375,0.467077,190,-188.083538
367,-187.006683,2.1260,31.9453,1024,232.5000,0.000000,0.109375,0.466833,191,-188.215801
368,-187.006683,2.1260,31.9453,1024,232.5000,0.000000,0.109375,0.466833,191,-188.366897
369,-186.987152,2.1729,31.8906,1024,232.5000,0.000000,0.109375,0.466101,191,-187.881862
370,-186.987152,2.1729,31.8906,1024,232.5000,0.000000,0.109375,0.466101,191,-187.785556
371,-186.470746,2.2197,31.9453,1024,260.0000,0.000000,0.140625,0.465368,191,-187.735006
372,-186.470746,2.2197,31.9453,1024,260.0000,0.000000,0.140625,0.465368,191,-187.219480
373,-186.216840,2.2666,31.9375,1024,260.0000,0.000000,0.140625,0.464636,190,-187.135266
374,-186.216840,2.2666,31.9375,1024,260.0000,0.000000,0.140625,0.464636,190,-187.492758
375,-186.140121,2.2510,31.9844,1024,266.0000,0.000000,0.140625,0.464880,190,-187.402826
376,-186.140121,2.2510,31.9844,1024,266.0000,0.000000,0.140625,0.464880,190,-186.796937
377,-185.716400,2.3291,31.9531,1024,234.5000,0.000000,0.140625,0.463705,190,-186.637592
378,-185.716400,2.3291,31.9531,1024,234.5000,0.000000,0.140625,0.463705,190,-186.897658
379,-185.716400,2.3291,31.9531,1024,234.5000,0.000000,0.140625,0.463705,190,-186.903444
380,-185.638275,2.3604,31.9297,1024,234.5000,0.000000,0.140625,0.463217,189,-186.274815
381,-185.560150,2.3604,31.9453,1024,234.5000,0.000000,0.140625,0.463217,189,-186.518058
382,-185.384369,2.3447,32.0000,1024,234.5000,0.000000,0.140625,0.463461,189,-186.293016
383,-185.130463,2.3916,31.9922,1024,234.5000,0.000000,0.140625,0.462729,189,-186.401848
384,-185.130463,2.3916,31.9922,1024,234.5000,0.000000,0.140625,0.462729,189,-186.271891
385,-185.130463,2.3916,31.9922,1024,234.5000,0.000000,0.140625,0.462729,189,-186.002266
386,-185.130463,2.3916,31.9922,1024,234.5000,0.000000,0.140625,0.462729,189,-185.703968
387,-184.505463,2.5166,31.9609,1024,234.5000,0.000000,0.140625,0.460775,190,-185.806433
388,-184.505463,2.5166,31.9609,1024,234.5000,0.000000,0.140625,0.460775,190,-185.888697
389,-184.505463,2.5166,31.9609,1024,234.5000,0.000000,0.140625,0.460775,190,-185.865642
390,-184.505463,2.5166,31.9609,1024,234.5000,0.000000,0.140625,0.460775,190,-185.468053
391,-184.490967,2.4844,32.0000,1024,234.5000,0.000000,0.140625,0.461227,191,-185.507243
392,-184.471436,2.5313,31.9453,1024,234.5000,0.000000,0.140625,0.460495,191,-185.818893
393,-184.471436,2.5313,31.9453,1024,234.5000,0.000000,0.140625,0.460495,191,-185.077695
394,-184.407806,2.5322,31.9609,1024,234.5000,0.000000,0.140625,0.460531,192,-185.240483
395,-183.846436,2.5938,31.9922,1024,234.5000,0.000000,0.171875,0.459518,191,-184.926603
396,-183.846436,2.5938,31.9922,1024,234.5000,0.000000,0.171875,0.459518,191,-184.889001
397,-183.455811,2.6563,31.9922,1024,234.5000,0.000000,0.171875,0.458542,191,-184.919033
398,-183.455811,2.6563,31.9922,1024,234.5000,0.000000,0.171875,0.458542,191,-184.694828
399,-183.455811,2.6563,31.9922,1024,234.5000,0.000000,0.171875,0.458542,191,-184.241216
400,-183.455811,2.6563,31.9922,1024,234.5000,0.000000,0.171875,0.458542,191,-184.357806
401,-183.455811,2.6563,31.9922,1024,234.5000,0.000000,0.171875,0.458542,191,-183.998187
402,-183.455811,2.6563,31.9922,1024,234.5000,0.000000,0.171875,0.458542,191,-184.085571
403,-183.358154,2.7031,31.9531,1024,234.5000,0.000000,0.171875,0.457809,191,-184.200995
404,-183.358154,2.7031,31.9531,1024,234.5000,0.000000,0.171875,0.457809,191,-184.275534
405,-183.358154,2.7031,31.9531,1024,234.5000,0.000000,0.171875,0.457809,191,-184.246534
406,-183.338623,2.6875,31.9766,1024,234.5000,0.000000,0.171875,0.458054,193,-183.977024
407,-183.338623,2.6875,31.9766,1024,234.5000,0.000000,0.171875,0.458054,193,-184.299720
408,-183.338623,2.6875,31.9766,1024,234.5000,0.000000,0.171875,0.458054,193,-184.157208
409,-183.226013,2.7188,31.9609,1024,234.5000,0.000000,0.171875,0.457577,191,-184.177421
410,-183.226013,2.7188,31.9609,1024,234.5000,0.000000,0.171875,0.457577,191,-183.900793
411,-183.226013,2.7188,31.9609,1024,234.5000,0.000000,0.171875,0.457577,191,-184.022477
412,-182.856326,2.8125,32.0703,1024,261.0000,0.000000,0.171875,0.456112,192,-184.062501
413,-182.856326,2.8125,32.0703,1024,261.0000,0.000000,0.171875,0.456112,192,-183.990200
414,-182.543826,2.8125,32.0078,1024,261.0000,0.000000,0.171875,0.456112,192,-184.201938
415,-182.543826,2.8125,32.0078,1024,261.0000,0.000000,0.171875,0.456112,192,-183.917399
416,-182.274028,2.8438,32.0000,1024,257.0000,0.000000,0.171875,0.455635,192,-183.452545
417,-182.274028,2.8438,32.0000,1024,257.0000,0.000000,0.171875,0.455635,192,-183.323906
418,-182.274028,2.8438,32.0000,1024,257.0000,0.000000,0.171875,0.455635,192,-183.479308
419,-182.274028,2.8438,32.0000,1024,257.0000,0.000000,0.171875,0.455635,192,-183.592503
420,-181.623699,2.9688,32.0234,1024,257.0000,0.000000,0.171875,0.453716,195,-183.198612
421,-181.623699,2.9688,32.0234,1024,257.0000,0.000000,0.171875,0.453716,195,-182.788054
422,-181.021118,3.0469,32.0000,1024,252.5000,0.000000,0.186768,0.452553,195,-182.702007
423,-181.021118,3.0469,32.0000,1024,252.5000,0.000000,0.186768,0.452553,195,-182.803253
424,-180.962524,3.0625,31.9922,1024,252.5000,0.000000,0.186768,0.452309,195,-181.897546
425,-180.942993,3.0781,31.9766,1024,252.5000,0.000000,0.186768,0.452065,196,-181.899420
426,-180.498352,3.1875,32.0703,1024,252.5000,0.000000,0.186768,0.450367,196,-181.648895
427,-180.361633,3.2031,32.0625,1024,252.5000,0.000000,0.186768,0.450123,195,-181.271791
428,-180.185852,3.2188,32.0469,1024,252.5000,0.000000,0.186768,0.449879,198,-181.417105
429,-180.088196,3.2031,32.0078,1024,252.5000,0.000000,0.186768,0.450123,198,-180.872931
430,-180.088196,3.2031,32.0078,1024,252.5000,0.000000,0.186768,0.450123,198,-180.706181
431,-180.088196,3.2031,32.0078,1024,252.5000,0.000000,0.186768,0.450123,198,-180.760331
432,-180.088196,3.2031,32.0078,1024,252.5000,0.000000,0.186768,0.450123,198,-180.899812
433,-179.756165,3.2500,32.0000,1024,252.5000,0.000000,0.202393,0.449390,198,-180.721529
434,-179.346008,3.3594,31.9453,1024,252.5000,0.000000,0.233643,0.447681,198,-180.711505
435,-179.346008,3.3594,31.9453,1024,252.5000,0.000000,0.233643,0.447681,198,-180.693016
436,-179.346008,3.3594,31.9453,1024,252.5000,0.000000,0.233643,0.447681,198,-180.182513
437,-179.209290,3.3750,31.9531,1024,252.5000,0.000000,0.233643,0.447437,199,-179.999018
438,-179.209290,3.3750,31.9531,1024,252.5000,0.000000,0.233643,0.447437,199,-180.141746
439,-178.784943,3.5029,31.8828,1024,252.5000,0.000000,0.233643,0.445498,200,-179.973411
440,-178.784943,3.5029,31.8828,1024,252.5000,0.000000,0.233643,0.445498,200,-179.863453
441,-178.433380,3.4717,31.9922,1024,252.5000,0.000000,0.233643,0.445986,200,-179.978401
442,-178.140411,3.5186,31.9922,1024,252.5000,0.000000,0.233643,0.445253,199,-179.759894
443,-178.066864,3.5498,32.0313,1024,252.5000,0.000000,0.233643,0.444777,201,-179.007024
444,-177.970734,3.5654,32.0313,1024,252.5000,0.000000,0.233643,0.444536,199,-179.891255
445,-177.970734,3.5654,32.0313,1024,252.5000,0.000000,0.233643,0.444536,199,-178.887969
446,-177.623749,3.6279,31.9609,1024,252.5000,0.000000,0.233643,0.443571,199,-178.303096
447,-177.623749,3.6279,31.9609,1024,252.5000,0.000000,0.233643,0.443571,199,-178.768021
448,-177.548676,3.6904,31.8984,1024,252.5000,0.000000,0.233643,0.442602,199,-178.891646
449,-177.548676,3.6904,31.8984,1024,252.5000,0.000000,0.233643,0.442602,199,-178.390985
450,-177.392426,3.7217,32.1094,1024,252.5000,0.000000,0.233643,0.442114,199,-178.034799
451,-177.275238,3.7217,31.9141,1024,252.5000,0.000000,0.233643,0.442114,199,-178.070808
452,-177.195587,3.6914,31.9688,1024,252.5000,0.000000,0.233643,0.442598,199,-178.262257
453,-177.177582,3.7061,31.9531,1024,252.5000,0.000000,0.233643,0.442358,198,-177.800075
454,-177.176819,3.6719,31.9922,1024,252.5000,0.000000,0.233643,0.442844,199,-178.841221
455,-177.176056,3.6758,32.0078,1024,252.5000,0.000000,0.233643,0.442842,199,-178.290726
456,-177.176056,3.6758,32.0078,1024,252.5000,0.000000,0.233643,0.442842,199,-177.847339
457,-177.176056,3.6758,32.0078,1024,252.5000,0.000000,0.233643,0.442842,199,-178.359776
458,-177.176056,3.6758,32.0078,1024,252.5000,0.000000,0.233643,0.442842,199,-177.578566
459,-177.136993,3.7070,31.9609,1024,252.5000,0.000000,0.233643,0.442354,199,-177.882418
460,-177.136993,3.7070,31.9609,1024,252.5000,0.000000,0.233643,0.442354,199,-177.631577
461,-177.009430,3.7227,32.0313,1024,252.5000,0.000000,0.233643,0.442133,199,-178.012723
462,-176.780900,3.7539,32.0234,1024,256.5000,0.000000,0.233643,0.441622,199,-177.725583
463,-176.780900,3.7539,32.0234,1024,256.5000,0.000000,0.233643,0.441622,199,-177.968923
464,-176.780900,3.7539,32.0234,1024,256.5000,0.000000,0.233643,0.441622,199,-177.870222
465,-176.780900,3.7539,32.0234,1024,256.5000,0.000000,0.233643,0.441622,199,-178.236109
466,-176.780900,3.7539,32.0234,1024,256.5000,0.000000,0.233643,0.441622,199,-177.728612
467,-176.761368,3.7383,32.0000,1024,256.5000,0.000000,0.233643,0.441866,200,-177.338202
468,-176.761368,3.7383,32.0000,1024,256.5000,0.000000,0.233643,0.441866,200,-177.571113
469,-176.761368,3.7383,32.0000,1024,256.5000,0.000000,0.233643,0.441866,200,-177.607944
470,-176.761368,3.7383,32.0000,1024,256.5000,0.000000,0.233643,0.441866,200,-178.154006
471,-176.746368,3.7383,32.0000,1024,241.5000,0.000000,0.233643,0.441866,203,-178.064150
472,-176.746368,3.7383,32.0000,1024,241.5000,0.000000,0.233643,0.441866,203,-177.985436
473,-176.746368,3.7383,32.0000,1024,241.5000,0.000000,0.233643,0.441866,203,-178.099736
474,-176.258087,3.8789,31.9219,1024,241.5000,0.000000,0.233643,0.439669,204,-178.169705
475,-176.258087,3.8789,31.9219,1024,241.5000,0.000000,0.233643,0.439669,204,-177.979622
476,-175.574493,3.9570,31.9609,1024,219.0000,0.000000,0.233643,0.438448,203,-177.551449
477,-175.492775,3.9727,31.9688,1024,260.5000,0.000000,0.249268,0.438204,204,-177.044595
478,-175.241920,3.9883,32.0000,1024,260.5000,0.000000,0.249268,0.437967,205,-176.517899
479,-174.832306,4.0508,32.0078,1024,236.5000,0.000000,0.249268,0.436983,203,-176.338192
480,-174.832306,4.0508,32.0078,1024,236.5000,0.000000,0.249268,0.436983,203,-176.261217
481,-174.832306,4.0508,32.0078,1024,236.5000,0.000000,0.249268,0.436983,203,-175.953395
482,-173.956451,4.1914,31.9922,1024,236.5000,0.000000,0.249268,0.434793,206,-175.732075
483,-173.956451,4.1914,31.9922,1024,236.5000,0.000000,0.249268,0.434793,206,-176.097018
484,-173.956451,4.1914,31.9922,1024,236.5000,0.000000,0.249268,0.434793,206,-175.171805
485,-173.956451,4.1914,31.9922,1024,236.5000,0.000000,0.249268,0.434793,206,-174.662413
486,-173.956451,4.1914,31.9922,1024,236.5000,0.000000,0.249268,0.434793,206,-174.898654
487,-173.858795,4.2070,32.0078,1024,236.5000,0.000000,0.249268,0.434549,203,-174.888317
488,-173.858795,4.2070,32.0078,1024,236.5000,0.000000,0.249268,0.434549,203,-175.094397
489,-173.858795,4.2070,32.0078,1024,236.5000,0.000000,0.249268,0.434549,203,-174.612568
490,-173.858795,4.2070,32.0078,1024,236.5000,0.000000,0.249268,0.434549,203,-175.057110
491,-173.858795,4.2070,32.0078,1024,236.5000,0.000000,0.249268,0.434549,203,-174.828458
492,-173.858795,4.2070,32.0078,1024,236.5000,0.000000,0.249268,0.434549,203,-174.632173
493,-173.858795,4.2070,32.0078,1024,236.5000,0.000000,0.249268,0.434549,203,-174.880980
494,-173.858795,4.2070,32.0078,1024,236.5000,0.000000,0.249268,0.434549,203,-175.163280
495,-173.858795,4.2070,32.0078,1024,236.5000,0.000000,0.249268,0.434549,203,-175.147857
496,-173.858795,4.2070,32.0078,1024,236.5000,0.000000,0.249268,0.434549,203,-174.815023
497,-173.101654,4.3477,32.0313,1024,236.5000,0.000000,0.249268,0.432364,205,-174.709818
498,-173.040009,4.3320,32.0000,1024,236.5000,0.000000,0.249268,0.432600,205,-175.236870
499,-173.040009,4.3320,32.0000,1024,236.5000,0.000000,0.249268,0.432600,205,-174.913009
500,-172.093602,4.5977,32.0938,1024,279.5000,0.000000,0.264893,0.428450,204,-174.528305
501,-172.093602,4.5977,32.0938,1024,279.5000,0.000000,0.264893,0.428450,204,-173.611904
502,-172.074071,4.5508,32.0313,1024,279.5000,0.000000,0.264893,0.429182,204,-173.597784
503,-171.886388,4.6445,32.1094,1024,279.5000,0.000000,0.264893,0.427736,204,-173.576695
504,-171.886388,4.6445,32.1094,1024,279.5000,0.000000,0.264893,0.427736,204,-172.688635
505,-171.117040,4.7227,32.0547,1024,279.5000,0.000000,0.296143,0.426497,205,-172.632378
506,-170.745946,4.7383,32.0000,1024,279.5000,0.000000,0.296143,0.426252,206,-172.400725
507,-170.745946,4.7383,32.0000,1024,279.5000,0.000000,0.296143,0.426252,206,-172.591592
508,-168.985138,5.0195,31.9531,1024,233.0000,0.000000,0.311768,0.421877,206,-171.945243
509,-168.946075,5.0508,31.9219,1024,233.0000,0.000000,0.311768,0.421389,206,-171.451129
510,-168.789825,5.0508,31.9531,1024,227.0000,0.000000,0.311768,0.421389,206,-170.833507
511,-167.614825,5.3008,32.1094,1024,262.5000,0.000000,0.327393,0.417482,207,-170.315572
512,-167.614825,5.3008,32.1094,1024,262.5000,0.000000,0.327393,0.417482,207,-169.837695
513,-167.553180,5.2852,32.0781,1024,262.5000,0.000000,0.327393,0.417719,207,-169.829080
514,-167.341388,5.2695,32.0156,1024,262.5000,0.000000,0.327393,0.417971,207,-169.032542
515,-166.935809,5.3477,32.0313,1024,262.5000,0.000000,0.327393,0.416761,207,-168.393193
516,-166.740497,5.3789,32.0313,1024,262.5000,0.000000,0.327393,0.416273,207,-168.193705
517,-166.681903,5.3945,31.9609,1024,262.5000,0.000000,0.327393,0.416029,207,-167.960113
518,-166.681903,5.3945,31.9609,1024,262.5000,0.000000,0.327393,0.416029,207,-167.648393
519,-166.603778,5.3945,31.9766,1024,262.5000,0.000000,0.327393,0.416029,208,-167.713494
520,-166.447528,5.4258,32.0313,1024,262.5000,0.000000,0.327393,0.415541,208,-167.413665
521,-166.447528,5.4258,32.0313,1024,262.5000,0.000000,0.327393,0.415541,208,-168.269238
522,-166.369403,5.4258,32.0156,1024,262.5000,0.000000,0.327393,0.415541,209,-167.576606
523,-166.369403,5.4258,32.0156,1024,262.5000,0.000000,0.327393,0.415541,209,-167.804403
524,-166.369403,5.4258,32.0156,1024,262.5000,0.000000,0.327393,0.415541,209,-167.447098
525,-166.291278,5.4258,32.0000,1024,262.5000,0.000000,0.327393,0.415541,209,-167.243021
526,-166.291278,5.4258,32.0000,1024,262.5000,0.000000,0.327393,0.415541,209,-167.706859
527,-166.291278,5.4258,32.0000,1024,262.5000,0.000000,0.327393,0.415541,209,-167.561468
528,-166.232684,5.4414,31.9922,1024,262.5000,0.000000,0.327393,0.415297,209,-167.150803
529,-166.232684,5.4414,31.9922,1024,262.5000,0.000000,0.327393,0.415297,209,-168.016915
530,-165.807574,5.5039,32.0000,1024,262.5000,0.000000,0.327393,0.414331,209,-167.479756
531,-165.807574,5.5039,32.0000,1024,262.5000,0.000000,0.327393,0.414331,209,-167.686082
532,-165.807574,5.5039,32.0000,1024,262.5000,0.000000,0.327393,0.414331,209,-167.300126
533,-165.807574,5.5039,32.0000,1024,262.5000,0.000000,0.327393,0.414331,209,-167.179633
534,-165.768512,5.5352,32.0313,1024,262.5000,0.000000,0.327393,0.413843,209,-167.303267
535,-165.768512,5.5352,32.0313,1024,262.5000,0.000000,0.327393,0.413843,209,-166.863362
536,-165.768512,5.5352,32.0313,1024,262.5000,0.000000,0.327393,0.413843,209,-166.811563
537,-165.748981,5.5195,32.0078,1024,262.5000,0.000000,0.327393,0.414087,209,-166.920789
538,-165.748981,5.5195,32.0078,1024,262.5000,0.000000,0.327393,0.414087,209,-166.924197
539,-165.456012,5.5664,32.0078,1024,262.5000,0.000000,0.327393,0.413355,209,-166.611447
540,-165.456012,5.5664,32.0078,1024,262.5000,0.000000,0.327393,0.413355,209,-166.927008
541,-163.983844,5.8086,32.0234,1024,262.5000,0.000000,0.327393,0.409479,209,-166.689661
542,-163.983844,5.8086,32.0234,1024,262.5000,0.000000,0.327393,0.409479,209,-166.579430
543,-163.690875,5.8555,32.0234,1024,262.5000,0.000000,0.327393,0.408747,211,-165.292083
544,-162.504047,6.0898,31.9219,1024,262.5000,0.000000,0.327393,0.405096,208,-165.665847
545,-162.347797,6.0898,31.9531,1024,262.5000,0.000000,0.327393,0.405096,208,-165.252790
546,-162.191547,6.0898,31.9844,1024,262.5000,0.000000,0.327393,0.405096,209,-164.442374
547,-162.191547,6.0898,31.9844,1024,262.5000,0.000000,0.327393,0.405096,209,-164.166561
548,-161.996234,6.1211,31.9844,1024,262.5000,0.000000,0.327393,0.404608,210,-163.778566
549,-161.697162,6.1758,31.9844,1024,262.5000,0.000000,0.327393,0.403860,211,-163.326578
550,-161.697162,6.1758,31.9844,1024,262.5000,0.000000,0.327393,0.403860,211,-163.479995
551,-161.697162,6.1758,31.9844,1024,262.5000,0.000000,0.327393,0.403860,211,-164.140139
552,-161.622089,6.1758,32.0000,1024,262.5000,0.000000,0.327393,0.403868,210,-162.762723
553,-161.622089,6.1758,32.0000,1024,262.5000,0.000000,0.327393,0.403868,210,-162.440383
554,-161.622089,6.1758,32.0000,1024,262.5000,0.000000,0.327393,0.403868,210,-162.558517
555,-161.622089,6.1758,32.0000,1024,262.5000,0.000000,0.327393,0.403868,210,-162.995271
556,-161.602557,6.2227,31.9453,1024,262.5000,0.000000,0.327393,0.403135,211,-163.499934
557,-161.602557,6.2227,31.9453,1024,262.5000,0.000000,0.327393,0.403135,211,-163.108401
558,-161.368182,6.2227,32.0078,1024,262.5000,0.000000,0.327393,0.403135,211,-162.992300
559,-161.021198,6.3477,31.9063,1024,262.5000,0.000000,0.327393,0.401194,210,-163.430691
560,-160.689166,6.3320,31.9922,1024,262.5000,0.000000,0.327393,0.401438,211,-162.169922
561,-160.689166,6.3320,31.9922,1024,262.5000,0.000000,0.327393,0.401438,211,-161.930745
562,-160.689166,6.3320,31.9922,1024,262.5000,0.000000,0.327393,0.401438,211,-162.010441
563,-160.279010,6.4102,31.9766,1024,262.5000,0.000000,0.327393,0.400217,210,-161.904602
564,-160.213550,6.4736,32.0703,1024,262.5000,0.000000,0.327393,0.399467,213,-162.260213
565,-160.213550,6.4736,32.0703,1024,262.5000,0.000000,0.327393,0.399467,213,-161.625247
566,-159.744800,6.5049,32.0156,1024,262.5000,0.000000,0.327393,0.398979,212,-162.461187
567,-159.744800,6.5049,32.0156,1024,262.5000,0.000000,0.327393,0.398979,212,-161.406088
568,-159.744800,6.5049,32.0156,1024,262.5000,0.000000,0.327393,0.398979,212,-161.302569
569,-159.725269,6.5518,31.9297,1024,262.5000,0.000000,0.343018,0.398247,213,-161.213870
570,-159.436877,6.5674,31.9688,1024,262.5000,0.000000,0.327393,0.398014,212,-161.264391
571,-159.436877,6.5674,31.9688,1024,262.5000,0.000000,0.327393,0.398014,212,-161.122365
572,-159.436877,6.5674,31.9688,1024,262.5000,0.000000,0.327393,0.398014,212,-161.125782
573,-159.436877,6.5674,31.9688,1024,262.5000,0.000000,0.327393,0.398014,212,-160.997379
574,-159.436877,6.5674,31.9688,1024,262.5000,0.000000,0.327393,0.398014,212,-160.891165
575,-159.436877,6.5674,31.9688,1024,262.5000,0.000000,0.327393,0.398014,212,-160.756072
576,-159.436877,6.5674,31.9688,1024,262.5000,0.000000,0.327393,0.398014,212,-161.089518
577,-159.436877,6.5674,31.9688,1024,262.5000,0.000000,0.327393,0.398014,212,-161.393952
578,-158.796161,6.7012,31.9219,1024,262.5000,0.000000,0.327393,0.395826,212,-161.046267
579,-158.620380,6.7480,31.8984,1024,262.5000,0.000000,0.343018,0.395094,213,-160.683918
580,-158.620380,6.7480,31.8984,1024,262.5000,0.000000,0.343018,0.395094,213,-160.408504
581,-158.620380,6.7480,31.8984,1024,262.5000,0.000000,0.343018,0.395094,213,-160.067252
582,-158.249286,6.7637,31.9531,1024,262.5000,0.000000,0.327393,0.394850,214,-159.972189
583,-158.073505,6.8105,31.9297,1024,262.5000,0.000000,0.343018,0.394117,216,-160.697873
584,-157.889833,6.8457,31.9531,1024,270.5000,0.000000,0.327393,0.393751,214,-159.883726
585,-157.889833,6.8457,31.9531,1024,270.5000,0.000000,0.327393,0.393751,214,-160.183552
586,-157.342958,6.9082,31.9844,1024,270.5000,0.000000,0.327393,0.392775,213,-160.359949
587,-157.342958,6.9082,31.9844,1024,270.5000,0.000000,0.327393,0.392775,213,-158.737711
588,-157.342958,6.9082,31.9844,1024,270.5000,0.000000,0.327393,0.392775,213,-158.970407
589,-157.342958,6.9082,31.9844,1024,270.5000,0.000000,0.327393,0.392775,213,-158.881661
590,-157.342958,6.9082,31.9844,1024,270.5000,0.000000,0.327393,0.392775,213,-158.534940
591,-157.342958,6.9082,31.9844,1024,270.5000,0.000000,0.327393,0.392775,213,-159.074192
592,-157.182130,6.9395,32.0234,1024,270.5000,0.000000,0.327393,0.392275,214,-159.276098
593,-157.182130,6.9395,32.0234,1024,270.5000,0.000000,0.327393,0.392275,214,-159.023221
594,-156.566285,7.0332,31.9844,1024,270.5000,0.000000,0.327393,0.390833,214,-158.453585
595,-156.566285,7.0332,31.9844,1024,270.5000,0.000000,0.327393,0.390833,214,-158.256887
596,-156.038942,7.1113,32.0078,1024,270.5000,0.000000,0.327393,0.389612,214,-158.672658
597,-156.038942,7.1113,32.0078,1024,270.5000,0.000000,0.327393,0.389612,214,-158.102434
598,-156.038942,7.1113,32.0078,1024,270.5000,0.000000,0.327393,0.389612,214,-158.253292
599,-156.038942,7.1113,32.0078,1024,270.5000,0.000000,0.327393,0.389612,214,-157.697186
600,-156.038942,7.1113,32.0078,1024,270.5000,0.000000,0.327393,0.389612,214,-157.070563
601,-155.843629,7.1426,32.0078,1024,270.5000,0.000000,0.327393,0.389124,213,-157.231578
602,-155.843629,7.1426,32.0078,1024,270.5000,0.000000,0.327393,0.389124,213,-157.022492
603,-155.843629,7.1426,32.0078,1024,270.5000,0.000000,0.327393,0.389124,213,-157.122926
604,-155.843629,7.1426,32.0078,1024,270.5000,0.000000,0.327393,0.389124,213,-157.224553
605,-153.801442,7.5488,31.8828,1024,265.5000,0.000000,0.343018,0.382776,215,-157.522314
606,-153.801442,7.5488,31.8828,1024,265.5000,0.000000,0.343018,0.382776,215,-156.722106
607,-153.801442,7.5488,31.8828,1024,265.5000,0.000000,0.343018,0.382776,215,-157.335131
608,-153.801442,7.5488,31.8828,1024,265.5000,0.000000,0.343018,0.382776,215,-156.615039
609,-152.949696,7.6074,31.9766,1024,265.5000,0.000000,0.343018,0.381819,216,-154.991901
610,-152.949696,7.6074,31.9766,1024,265.5000,0.000000,0.343018,0.381819,216,-155.316658
611,-152.949696,7.6074,31.9766,1024,265.5000,0.000000,0.343018,0.381819,216,-154.490820
612,-152.949696,7.6074,31.9766,1024,265.5000,0.000000,0.343018,0.381819,216,-154.438484
613,-152.949696,7.6074,31.9766,1024,265.5000,0.000000,0.343018,0.381819,216,-154.632427
614,-152.949696,7.6074,31.9766,1024,265.5000,0.000000,0.343018,0.381819,216,-154.752620
615,-152.949696,7.6074,31.9766,1024,265.5000,0.000000,0.343018,0.381819,216,-154.048731
616,-152.949696,7.6074,31.9766,1024,265.5000,0.000000,0.343018,0.381819,216,-153.995614
617,-152.485524,7.6699,31.9922,1024,265.5000,0.000000,0.343018,0.380854,216,-154.867255
618,-152.485524,7.6699,31.9922,1024,265.5000,0.000000,0.343018,0.380854,216,-154.290032
619,-152.485524,7.6699,31.9922,1024,265.5000,0.000000,0.343018,0.380854,216,-154.811768
620,-150.121613,8.0986,32.0938,1024,244.0000,0.000000,0.358643,0.374132,217,-154.504135
621,-149.442596,8.1768,32.0547,1024,244.0000,0.000000,0.358643,0.372923,217,-154.182700
622,-149.292145,8.1582,32.0078,1024,250.5000,0.000000,0.358643,0.373133,217,-152.280171
623,-149.012909,8.2080,32.0078,1024,244.0000,0.000000,0.358643,0.372435,218,-150.908651
624,-148.079987,8.4268,32.0938,1024,244.0000,0.000000,0.358643,0.369028,219,-151.176312
625,-147.591705,8.4736,32.0547,1024,244.0000,0.000000,0.358643,0.368296,217,-150.315557
626,-147.591705,8.4736,32.0547,1024,244.0000,0.000000,0.358643,0.368296,217,-150.413299
627,-147.009430,8.5479,32.0078,1024,244.0000,0.000000,0.358643,0.367426,218,-149.330134
628,-147.009430,8.5479,32.0078,1024,244.0000,0.000000,0.358643,0.367426,218,-149.442061
629,-147.009430,8.5479,32.0078,1024,244.0000,0.000000,0.358643,0.367426,218,-148.495483
630,-147.009430,8.5479,32.0078,1024,244.0000,0.000000,0.358643,0.367426,218,-148.824832
631,-147.009430,8.5479,32.0078,1024,244.0000,0.000000,0.358643,0.367426,218,-148.601507
632,-147.009430,8.5479,32.0078,1024,244.0000,0.000000,0.358643,0.367426,218,-148.465508
633,-147.006378,8.5479,31.9922,1024,244.0000,0.000000,0.358643,0.367418,219,-147.677338
634,-147.006378,8.5479,31.9922,1024,244.0000,0.000000,0.358643,0.367418,219,-147.917129
635,-146.869659,8.5635,32.0000,1024,244.0000,0.000000,0.358643,0.367174,219,-148.964724
636,-146.869659,8.5635,32.0000,1024,244.0000,0.000000,0.358643,0.367174,219,-149.509489
637,-146.869659,8.5635,32.0000,1024,244.0000,0.000000,0.358643,0.367174,219,-148.648787
638,-146.869659,8.5635,32.0000,1024,244.0000,0.000000,0.358643,0.367174,219,-147.986551
639,-146.811066,8.5791,32.0078,1024,244.0000,0.000000,0.358643,0.366930,220,-148.396052
640,-146.674347,8.5947,32.0000,1024,244.0000,0.000000,0.358643,0.366686,220,-148.861981
641,-146.674347,8.5947,32.0000,1024,244.0000,0.000000,0.358643,0.366686,220,-148.722393
642,-146.674347,8.5947,32.0000,1024,244.0000,0.000000,0.358643,0.366686,220,-148.197447
643,-146.615753,8.6104,32.0078,1024,244.0000,0.000000,0.358643,0.366442,220,-149.216227
644,-145.748700,8.7393,32.0078,1024,260.0000,0.000000,0.358643,0.364149,219,-147.658580
645,-145.748700,8.7393,32.0078,1024,260.0000,0.000000,0.358643,0.364149,219,-148.466877
646,-145.553387,8.7705,32.0078,1024,260.0000,0.000000,0.358643,0.363661,222,-147.453675
647,-145.494794,8.7861,32.0156,1024,260.0000,0.000000,0.358643,0.363417,219,-146.972741
648,-145.494794,8.7861,32.0156,1024,260.0000,0.000000,0.358643,0.363417,219,-146.692300
649,-145.436200,8.8018,32.0234,1024,260.0000,0.000000,0.358643,0.363173,221,-147.252587
650,-145.319775,8.8291,32.0391,1024,260.0000,0.000000,0.358643,0.362686,221,-146.970391
651,-145.216779,8.8486,32.0391,1024,260.0000,0.000000,0.358643,0.362429,221,-147.634682
652,-144.850262,8.9268,32.0625,1024,260.0000,0.000000,0.358643,0.361219,221,-146.247299
653,-144.479169,8.9736,32.0469,1024,260.0000,0.000000,0.358643,0.360487,221,-146.796423
654,-144.479169,8.9736,32.0469,1024,260.0000,0.000000,0.358643,0.360487,221,-145.958287
655,-144.381512,8.9580,31.9922,1024,260.0000,0.000000,0.358643,0.360731,221,-145.958697
656,-144.381512,8.9580,31.9922,1024,260.0000,0.000000,0.358643,0.360731,221,-146.782518
657,-144.381512,8.9580,31.9922,1024,260.0000,0.000000,0.358643,0.360731,221,-145.631892
658,-144.381512,8.9580,31.9922,1024,260.0000,0.000000,0.358643,0.360731,221,-145.387640
659,-144.381512,8.9580,31.9922,1024,260.0000,0.000000,0.358643,0.360731,221,-145.454089
660,-144.381512,8.9580,31.9922,1024,260.0000,0.000000,0.358643,0.360731,221,-145.352340
661,-144.264325,9.0518,32.1016,1024,260.0000,0.000000,0.358643,0.359266,222,-145.771043
662,-144.264325,9.0518,32.1016,1024,260.0000,0.000000,0.358643,0.359266,222,-146.228162
663,-143.951825,9.0518,31.9609,1024,260.0000,0.000000,0.358643,0.359266,222,-145.985258
664,-143.795575,9.0518,31.9922,1024,260.0000,0.000000,0.358643,0.359266,222,-146.942481
665,-143.756512,9.0518,32.0000,1024,260.0000,0.000000,0.358643,0.359266,222,-146.058995
666,-143.543958,9.2666,31.8281,1024,260.0000,0.000000,0.358643,0.356586,222,-145.043522
667,-143.097028,9.2393,31.8984,1024,260.0000,0.000000,0.358643,0.356348,223,-146.111963
668,-142.784528,9.2393,32.0391,1024,260.0000,0.000000,0.358643,0.356348,221,-145.320918
669,-142.784528,9.2393,32.0391,1024,260.0000,0.000000,0.358643,0.356348,221,-145.433483
670,-142.784528,9.2393,32.0391,1024,260.0000,0.000000,0.358643,0.356348,221,-144.456422
671,-142.784528,9.2393,32.0391,1024,260.0000,0.000000,0.358643,0.356348,221,-144.144574
672,-142.530621,9.2549,32.0078,1024,260.0000,0.000000,0.358643,0.356104,220,-144.500843
673,-142.530621,9.2549,32.0078,1024,260.0000,0.000000,0.358643,0.356104,220,-144.996261
674,-142.530621,9.2549,32.0078,1024,260.0000,0.000000,0.358643,0.356104,220,-145.223384
675,-142.335309,9.2861,32.0078,1024,260.0000,0.000000,0.358643,0.355616,220,-144.410946
676,-142.335309,9.2861,32.0078,1024,260.0000,0.000000,0.358643,0.355616,220,-144.834602
677,-142.335309,9.2861,32.0078,1024,260.0000,0.000000,0.358643,0.355616,220,-144.372543
678,-142.335309,9.2861,32.0078,1024,260.0000,0.000000,0.358643,0.355616,220,-144.063446
679,-142.335309,9.2861,32.0078,1024,260.0000,0.000000,0.358643,0.355616,220,-145.502867
680,-142.335309,9.2861,32.0078,1024,260.0000,0.000000,0.358643,0.355616,220,-143.776475
681,-142.335309,9.2861,32.0078,1024,260.0000,0.000000,0.358643,0.355616,220,-143.657534
682,-142.335309,9.2861,32.0078,1024,260.0000,0.000000,0.358643,0.355616,220,-145.110715
683,-142.335309,9.2861,32.0078,1024,260.0000,0.000000,0.358643,0.355616,220,-144.067430
684,-142.335309,9.2861,32.0078,1024,260.0000,0.000000,0.358643,0.355616,220,-143.923107
685,-142.335309,9.2861,32.0078,1024,260.0000,0.000000,0.358643,0.355616,220,-144.258939
686,-142.271576,9.2832,31.9922,1024,232.0000,0.000000,0.358643,0.355581,221,-144.595574
687,-142.237653,9.3018,31.9922,1024,260.0000,0.000000,0.358643,0.355371,223,-143.391118
688,-142.237653,9.3018,31.9922,1024,260.0000,0.000000,0.358643,0.355371,223,-143.549142
689,-142.237653,9.3018,31.9922,1024,260.0000,0.000000,0.358643,0.355371,223,-143.932293
690,-142.237653,9.3018,31.9922,1024,260.0000,0.000000,0.358643,0.355371,223,-145.009125
691,-142.089996,9.3174,32.0078,1024,232.0000,0.000000,0.358643,0.355127,223,-143.059691
692,-142.089996,9.3174,32.0078,1024,232.0000,0.000000,0.358643,0.355127,223,-144.133454
693,-142.089996,9.3174,32.0078,1024,232.0000,0.000000,0.358643,0.355127,223,-143.263526
694,-141.992340,9.3330,32.0078,1024,232.0000,0.000000,0.358643,0.354883,225,-143.786963
695,-141.992340,9.3330,32.0078,1024,232.0000,0.000000,0.358643,0.354883,225,-144.349726
696,-141.992340,9.3330,32.0078,1024,232.0000,0.000000,0.358643,0.354883,225,-144.231078
697,-141.980591,9.3594,31.9688,1024,232.0000,0.000000,0.358643,0.354561,226,-143.604962
698,-141.980591,9.3594,31.9688,1024,232.0000,0.000000,0.358643,0.354561,226,-143.442400
699,-141.980591,9.3594,31.9688,1024,232.0000,0.000000,0.358643,0.354561,226,-144.981139
700,-141.980591,9.3594,31.9688,1024,232.0000,0.000000,0.358643,0.354561,226,-143.286339
701,-141.746216,9.3906,31.9766,1024,232.0000,0.000000,0.358643,0.354073,227,-143.546884
702,-141.746216,9.3906,31.9766,1024,232.0000,0.000000,0.358643,0.354073,227,-144.583076
703,-141.746216,9.3906,31.9766,1024,232.0000,0.000000,0.358643,0.354073,227,-142.599532
704,-141.746216,9.3906,31.9766,1024,232.0000,0.000000,0.358643,0.354073,227,-143.361069
705,-141.668091,9.4219,32.0469,1024,232.0000,0.000000,0.358643,0.353584,227,-144.289150
706,-141.668091,9.4219,32.0469,1024,232.0000,0.000000,0.358643,0.353584,227,-143.844829
707,-141.668091,9.4219,32.0469,1024,232.0000,0.000000,0.358643,0.353584,227,-144.813519
708,-141.668091,9.4219,32.0469,1024,232.0000,0.000000,0.358643,0.353584,227,-143.563493
709,-141.668091,9.4219,32.0469,1024,232.0000,0.000000,0.358643,0.353584,227,-142.684766
710,-141.668091,9.4219,32.0469,1024,232.0000,0.000000,0.358643,0.353584,227,-143.158425
711,-141.453247,9.4375,31.9766,1024,232.0000,0.000000,0.358643,0.353340,227,-144.242501
712,-140.505371,9.6094,32.0469,1024,232.0000,0.000000,0.358643,0.350677,228,-143.933953
713,-140.505371,9.6094,32.0469,1024,232.0000,0.000000,0.358643,0.350677,228,-143.168949
714,-140.413513,9.6064,32.0313,1024,242.5000,0.000000,0.358643,0.350643,227,-143.535319
715,-140.393982,9.5908,32.0078,1024,242.5000,0.000000,0.358643,0.350887,227,-141.957843
716,-140.393982,9.5908,32.0078,1024,242.5000,0.000000,0.358643,0.350887,227,-142.513114
717,-140.393982,9.5908,32.0078,1024,242.5000,0.000000,0.358643,0.350887,227,-141.834063
718,-140.393982,9.5908,32.0078,1024,242.5000,0.000000,0.358643,0.350887,227,-142.091843
719,-140.393982,9.5908,32.0078,1024,242.5000,0.000000,0.358643,0.350887,227,-143.107387
720,-140.393982,9.5908,32.0078,1024,242.5000,0.000000,0.358643,0.350887,227,-142.385973
721,-140.393982,9.5908,32.0078,1024,242.5000,0.000000,0.358643,0.350887,227,-141.600106
722,-140.393982,9.5908,32.0078,1024,242.5000,0.000000,0.358643,0.350887,227,-141.822558
723,-140.101013,9.6377,31.9922,1024,242.5000,0.000000,0.358643,0.350155,228,-141.847407
724,-140.101013,9.6377,31.9922,1024,242.5000,0.000000,0.358643,0.350155,228,-143.710989
725,-140.101013,9.6377,31.9922,1024,242.5000,0.000000,0.358643,0.350155,228,-141.490740
726,-139.964294,9.6846,31.9609,1024,242.5000,0.000000,0.358643,0.349422,229,-143.003507
727,-139.612732,9.7158,31.9922,1024,242.5000,0.000000,0.358643,0.348934,229,-141.099554
728,-139.612732,9.7158,31.9922,1024,242.5000,0.000000,0.358643,0.348934,229,-141.097406
729,-139.612732,9.7158,31.9922,1024,242.5000,0.000000,0.358643,0.348934,229,-142.969517
730,-139.612732,9.7158,31.9922,1024,242.5000,0.000000,0.358643,0.348934,229,-141.020982
731,-139.525757,9.7334,31.9922,1024,242.5000,0.000000,0.358643,0.348717,229,-141.771602
732,-139.525757,9.7334,31.9922,1024,242.5000,0.000000,0.358643,0.348717,229,-141.459320
733,-139.525757,9.7334,31.9922,1024,242.5000,0.000000,0.358643,0.348717,229,-141.888338
734,-139.525757,9.7334,31.9922,1024,242.5000,0.000000,0.358643,0.348717,229,-141.028335
735,-139.525757,9.7334,31.9922,1024,242.5000,0.000000,0.358643,0.348717,229,-140.972049
736,-138.397522,9.9834,31.9063,1024,222.0000,0.000000,0.358643,0.344822,228,-140.659412
737,-138.397522,9.9834,31.9063,1024,222.0000,0.000000,0.358643,0.344822,228,-141.717597
738,-137.963257,9.9834,31.9922,1024,226.5000,0.000000,0.358643,0.344810,229,-141.137553
739,-137.963257,9.9834,31.9922,1024,226.5000,0.000000,0.358643,0.344810,229,-141.247044
740,-136.835022,10.2334,31.9063,1024,241.5000,0.000000,0.358643,0.340916,229,-139.615226
741,-136.835022,10.2334,31.9063,1024,241.5000,0.000000,0.358643,0.340916,229,-140.451574
742,-136.542053,10.2490,31.9453,1024,241.5000,0.000000,0.358643,0.340672,230,-139.134970
743,-136.542053,10.2490,31.9453,1024,241.5000,0.000000,0.358643,0.340672,230,-137.545537
744,-136.542053,10.2490,31.9453,1024,241.5000,0.000000,0.358643,0.340672,230,-137.705126
745,-136.235352,10.3291,31.9063,1024,241.5000,0.000000,0.358643,0.339417,230,-138.034138
746,-136.235352,10.3291,31.9063,1024,241.5000,0.000000,0.358643,0.339417,230,-137.860005
747,-136.235352,10.3291,31.9063,1024,241.5000,0.000000,0.358643,0.339417,230,-137.557459
748,-136.235352,10.3291,31.9063,1024,241.5000,0.000000,0.358643,0.339417,230,-137.969016
749,-136.033936,10.2979,31.9844,1024,241.5000,0.000000,0.358643,0.339890,232,-137.463019
750,-135.810242,10.4229,31.8750,1024,241.5000,0.000000,0.358643,0.337963,230,-138.052816
751,-135.810242,10.4229,31.8750,1024,241.5000,0.000000,0.358643,0.337963,230,-137.281089
752,-135.595398,10.4385,31.8984,1024,241.5000,0.000000,0.358643,0.337719,231,-137.033083
753,-135.595398,10.4385,31.8984,1024,241.5000,0.000000,0.358643,0.337719,231,-138.281694
754,-135.595398,10.4385,31.8984,1024,241.5000,0.000000,0.358643,0.337719,231,-137.029917
755,-135.595398,10.4385,31.8984,1024,241.5000,0.000000,0.358643,0.337719,231,-137.029289
756,-135.470428,10.3965,31.9688,1024,241.5000,0.000000,0.358643,0.338285,231,-137.394887
757,-135.470428,10.3965,31.9688,1024,241.5000,0.000000,0.358643,0.338285,231,-137.602992
758,-135.400085,10.4697,31.8984,1024,241.5000,0.000000,0.358643,0.337231,233,-137.066449
759,-135.400085,10.4697,31.8984,1024,241.5000,0.000000,0.358643,0.337231,233,-136.669517
760,-135.400085,10.4697,31.8984,1024,241.5000,0.000000,0.358643,0.337231,233,-137.385391
761,-135.372772,10.4121,31.9688,1024,241.5000,0.000000,0.358643,0.338041,233,-137.014953
762,-135.236053,10.4277,32.0234,1024,248.5000,0.000000,0.358643,0.337797,235,-136.412929
763,-135.236053,10.4277,32.0234,1024,248.5000,0.000000,0.358643,0.337797,235,-137.951241
764,-135.185242,10.4229,32.0000,1024,248.5000,0.000000,0.358643,0.337963,235,-137.223710
765,-135.021210,10.4434,32.0000,1024,248.5000,0.000000,0.358643,0.337553,233,-136.544597
766,-135.021210,10.4434,32.0000,1024,248.5000,0.000000,0.358643,0.337553,233,-137.754091
767,-135.021210,10.4434,32.0000,1024,248.5000,0.000000,0.358643,0.337553,233,-137.099332
768,-135.021210,10.4434,32.0000,1024,248.5000,0.000000,0.358643,0.337553,233,-136.496217
769,-133.326569,10.7715,32.0703,1024,248.5000,0.000000,0.358643,0.332438,236,-136.495610
770,-132.560883,10.8477,32.0078,1024,228.0000,0.000000,0.358643,0.331305,236,-136.808643
771,-132.560883,10.8477,32.0078,1024,228.0000,0.000000,0.358643,0.331305,236,-135.904571
772,-132.560883,10.8477,32.0078,1024,228.0000,0.000000,0.358643,0.331305,236,-134.674479
773,-132.560883,10.8477,32.0078,1024,228.0000,0.000000,0.358643,0.331305,236,-134.418251
774,-132.560883,10.8477,32.0078,1024,228.0000,0.000000,0.358643,0.331305,236,-135.131518
775,-132.560883,10.8477,32.0078,1024,228.0000,0.000000,0.358643,0.331305,236,-134.229037
776,-132.267914,10.8945,32.0078,1024,228.0000,0.000000,0.358643,0.330572,236,-133.858387
777,-132.267914,10.8945,32.0078,1024,228.0000,0.000000,0.358643,0.330572,236,-133.878302
778,-132.249603,10.8945,31.9922,1024,228.0000,0.000000,0.358643,0.330526,237,-134.124714
779,-132.249603,10.8945,31.9922,1024,228.0000,0.000000,0.358643,0.330526,237,-134.113125
780,-132.249603,10.8945,31.9922,1024,228.0000,0.000000,0.358643,0.330526,237,-134.212767
781,-132.249603,10.8945,31.9922,1024,228.0000,0.000000,0.358643,0.330526,237,-135.601802
782,-132.249603,10.8945,31.9922,1024,228.0000,0.000000,0.358643,0.330526,237,-134.978240
783,-131.605072,11.0039,32.0156,1024,228.0000,0.000000,0.358643,0.328817,236,-133.413908
784,-131.605072,11.0039,32.0156,1024,228.0000,0.000000,0.358643,0.328817,236,-134.061340
785,-131.526947,11.0039,32.0000,1024,254.5000,0.000000,0.358643,0.328817,236,-133.984578
786,-131.526947,11.0039,32.0000,1024,254.5000,0.000000,0.358643,0.328817,236,-132.799272
787,-131.526947,11.0039,32.0000,1024,254.5000,0.000000,0.358643,0.328817,236,-133.029313
788,-131.526947,11.0039,32.0000,1024,254.5000,0.000000,0.358643,0.328817,236,-133.089376
789,-131.526947,11.0039,32.0000,1024,254.5000,0.000000,0.358643,0.328817,236,-133.880626
790,-131.502572,11.0664,31.9688,1024,276.0000,0.000000,0.358643,0.327841,237,-132.775305
791,-131.502572,11.0664,31.9688,1024,276.0000,0.000000,0.358643,0.327841,237,-134.397206
792,-130.926056,11.1445,31.9453,1024,254.5000,0.000000,0.358643,0.326632,239,-133.438112
793,-130.926056,11.1445,31.9453,1024,254.5000,0.000000,0.358643,0.326632,239,-133.662543
794,-130.901681,11.2070,31.9141,1024,276.0000,0.000000,0.358643,0.325655,239,-133.703684
795,-130.630798,11.2295,31.9063,1024,253.0000,0.000000,0.358643,0.325405,240,-132.568609
796,-130.550118,11.2070,32.0156,1024,276.0000,0.000000,0.358643,0.325655,239,-132.772761
797,-130.357517,11.3076,31.9063,1024,276.5000,0.000000,0.358643,0.324184,239,-132.237786
798,-130.357517,11.3076,31.9063,1024,276.5000,0.000000,0.358643,0.324184,239,-132.769898
799,-130.357517,11.3076,31.9063,1024,276.5000,0.000000,0.358643,0.324184,239,-132.523618
800,-129.927830,11.3076,32.0078,1024,276.5000,0.000000,0.358643,0.324184,239,-131.661797
801,-129.927830,11.3076,32.0078,1024,276.5000,0.000000,0.358643,0.324184,239,-133.605790
802,-129.927830,11.3076,32.0078,1024,276.5000,0.000000,0.358643,0.324184,239,-132.105052
803,-129.927830,11.3076,32.0078,1024,276.5000,0.000000,0.358643,0.324184,239,-132.222308
804,-129.927830,11.3076,32.0078,1024,276.5000,0.000000,0.358643,0.324184,239,-131.018674
805,-129.927830,11.3076,32.0078,1024,276.5000,0.000000,0.358643,0.324184,239,-130.932213
806,-129.927830,11.3076,32.0078,1024,276.5000,0.000000,0.358643,0.324184,239,-131.382636
807,-129.927830,11.3076,32.0078,1024,276.5000,0.000000,0.358643,0.324184,239,-132.924344
808,-129.908298,11.3232,31.9766,1024,276.5000,0.000000,0.374268,0.323940,240,-132.015074
809,-129.908298,11.3232,31.9766,1024,276.5000,0.000000,0.374268,0.323940,240,-131.702757
810,-129.830173,11.3857,31.9141,1024,276.5000,0.000000,0.374268,0.322964,240,-132.033990
811,-129.830173,11.3857,31.9141,1024,276.5000,0.000000,0.374268,0.322964,240,-131.552871
812,-129.790955,11.4014,31.8594,1024,245.0000,0.000000,0.374268,0.322720,241,-131.297078
813,-127.095642,11.7451,32.0313,1024,248.0000,0.000000,0.374268,0.317348,240,-132.535524
814,-127.095642,11.7451,32.0313,1024,248.0000,0.000000,0.374268,0.317348,240,-131.652435
815,-127.095642,11.7451,32.0313,1024,248.0000,0.000000,0.374268,0.317348,240,-130.999299
816,-127.095642,11.7451,32.0313,1024,248.0000,0.000000,0.374268,0.317348,240,-130.582319
817,-127.095642,11.7451,32.0313,1024,248.0000,0.000000,0.374268,0.317348,240,-129.829144
818,-125.675009,12.0684,31.8516,1024,268.5000,0.000000,0.389893,0.311995,242,-129.220680
819,-125.675009,12.0684,31.8516,1024,268.5000,0.000000,0.389893,0.311995,242,-129.335484
820,-125.675009,12.0684,31.8516,1024,268.5000,0.000000,0.389893,0.311995,242,-128.124285
821,-125.675009,12.0684,31.8516,1024,268.5000,0.000000,0.389893,0.311995,242,-128.250708
822,-125.486010,12.0215,31.9531,1024,272.0000,0.000000,0.389893,0.312704,242,-127.599289
823,-125.486010,12.0215,31.9531,1024,272.0000,0.000000,0.389893,0.312704,242,-128.164170
824,-124.512289,12.3809,32.3047,1024,268.5000,0.000000,0.389893,0.307135,244,-126.552556
825,-124.512289,12.3809,32.3047,1024,268.5000,0.000000,0.389893,0.307135,244,-128.208256
826,-124.512289,12.3809,32.3047,1024,268.5000,0.000000,0.389893,0.307135,244,-126.928325
827,-124.084320,12.3965,32.2656,1024,254.5000,0.000000,0.389893,0.306890,244,-126.989073
828,-123.498953,12.3848,31.8984,1024,268.5000,0.000000,0.389893,0.307140,245,-125.543033
829,-123.498953,12.3848,31.8984,1024,268.5000,0.000000,0.389893,0.307140,245,-125.138917
830,-122.912445,12.5840,32.2656,1024,254.5000,0.000000,0.389893,0.303961,244,-125.084634
831,-122.912445,12.5840,32.2656,1024,254.5000,0.000000,0.389893,0.303961,244,-124.941782
832,-121.452179,12.8496,31.6953,1024,254.5000,0.000000,0.389893,0.299822,245,-124.940565
833,-121.081085,12.6777,31.9844,1024,214.5000,0.000000,0.389893,0.302507,245,-124.085754
834,-121.081085,12.6777,31.9844,1024,214.5000,0.000000,0.389893,0.302507,245,-122.729876
835,-121.081085,12.6777,31.9844,1024,214.5000,0.000000,0.389893,0.302507,245,-123.893478
836,-121.081085,12.6777,31.9844,1024,214.5000,0.000000,0.389893,0.302507,245,-123.531971
837,-121.081085,12.6777,31.9844,1024,214.5000,0.000000,0.389893,0.302507,245,-123.093219
838,-121.081085,12.6777,31.9844,1024,214.5000,0.000000,0.389893,0.302507,245,-122.377275
839,-120.846710,12.7715,31.9141,1024,214.5000,0.000000,0.389893,0.301043,245,-122.885265
840,-120.749054,12.7559,31.9531,1024,254.5000,0.000000,0.389893,0.301287,245,-122.606333
841,-120.749054,12.7559,31.9531,1024,254.5000,0.000000,0.389893,0.301287,245,-123.561935
842,-120.749054,12.7559,31.9531,1024,254.5000,0.000000,0.389893,0.301287,245,-123.038417
843,-120.749054,12.7559,31.9531,1024,254.5000,0.000000,0.389893,0.301287,245,-122.141713
844,-119.232941,12.9590,32.0000,1024,239.0000,0.000000,0.389893,0.298082,246,-122.707806
845,-119.232941,12.9590,32.0000,1024,239.0000,0.000000,0.389893,0.298082,246,-122.347629
846,-119.232941,12.9590,32.0000,1024,239.0000,0.000000,0.389893,0.298082,246,-121.637491
847,-119.232941,12.9590,32.0000,1024,239.0000,0.000000,0.389893,0.298082,246,-121.870590
848,-119.232941,12.9590,32.0000,1024,239.0000,0.000000,0.389893,0.298082,246,-121.780858
849,-119.232941,12.9590,32.0000,1024,239.0000,0.000000,0.389893,0.298082,246,-121.066793
850,-119.232941,12.9590,32.0000,1024,239.0000,0.000000,0.389893,0.298082,246,-120.595859
851,-119.232941,12.9590,32.0000,1024,239.0000,0.000000,0.389893,0.298082,246,-120.800974
852,-118.607941,13.1152,31.9297,1024,239.0000,0.000000,0.389893,0.295641,248,-120.976838
853,-118.607941,13.1152,31.9297,1024,239.0000,0.000000,0.389893,0.295641,248,-120.745614
854,-118.607941,13.1152,31.9297,1024,239.0000,0.000000,0.389893,0.295641,248,-121.104163
855,-118.607941,13.1152,31.9297,1024,239.0000,0.000000,0.389893,0.295641,248,-121.873490
856,-118.217316,13.1465,31.9688,1024,239.0000,0.000000,0.389893,0.295153,250,-120.147538
857,-117.416534,13.2559,31.9922,1024,239.0000,0.000000,0.389893,0.293444,248,-119.269832
858,-117.416534,13.2559,31.9922,1024,239.0000,0.000000,0.389893,0.293444,248,-119.834149
859,-117.084503,13.3027,32.0000,1024,239.0000,0.000000,0.389893,0.292711,249,-120.366327
860,-117.084503,13.3027,32.0000,1024,239.0000,0.000000,0.389893,0.292711,249,-119.443524
861,-117.025909,13.3184,32.0078,1024,239.0000,0.000000,0.389893,0.292467,250,-119.096989
862,-117.025909,13.3184,32.0078,1024,239.0000,0.000000,0.389893,0.292467,250,-118.383576
863,-117.025909,13.3184,32.0078,1024,239.0000,0.000000,0.389893,0.292467,250,-120.167991
864,-117.025909,13.3184,32.0078,1024,239.0000,0.000000,0.389893,0.292467,250,-119.361310
865,-117.006378,13.3340,31.9766,1024,239.0000,0.000000,0.389893,0.292223,249,-118.403224
866,-117.006378,13.3340,31.9766,1024,239.0000,0.000000,0.389893,0.292223,249,-119.126501
867,-117.006378,13.3340,31.9766,1024,239.0000,0.000000,0.389893,0.292223,249,-119.516915
868,-117.006378,13.3340,31.9766,1024,239.0000,0.000000,0.389893,0.292223,249,-118.005428
869,-117.006378,13.3340,31.9766,1024,239.0000,0.000000,0.389893,0.292223,249,-118.737783
870,-117.006378,13.3340,31.9766,1024,239.0000,0.000000,0.389893,0.292223,249,-120.710449
871,-117.006378,13.3340,31.9766,1024,239.0000,0.000000,0.389893,0.292223,249,-118.274982
872,-117.006378,13.3340,31.9766,1024,239.0000,0.000000,0.389893,0.292223,249,-117.892025
873,-117.006378,13.3340,31.9766,1024,239.0000,0.000000,0.389893,0.292223,249,-117.971963
874,-116.967316,13.3340,32.0156,1024,249.0000,0.000000,0.389893,0.292223,250,-119.351289
875,-116.967316,13.3340,32.0156,1024,249.0000,0.000000,0.389893,0.292223,250,-120.308197
876,-116.850128,13.3965,31.9297,1024,239.0000,0.000000,0.405518,0.291246,252,-119.673493
877,-116.850128,13.3965,31.9297,1024,239.0000,0.000000,0.405518,0.291246,252,-119.210137
878,-116.459503,13.4902,31.8906,1024,239.0000,0.000000,0.405518,0.289782,252,-118.347495
879,-116.459503,13.4902,31.8906,1024,239.0000,0.000000,0.405518,0.289782,252,-118.027987
880,-115.775909,13.5371,31.9688,1024,249.0000,0.000000,0.405518,0.289049,251,-118.998747
881,-115.775909,13.5371,31.9688,1024,249.0000,0.000000,0.405518,0.289049,251,-118.518440
882,-115.318604,13.6592,31.9063,1024,239.0000,0.000000,0.405518,0.287125,252,-118.072870
883,-115.318604,13.6592,31.9063,1024,239.0000,0.000000,0.405518,0.287125,252,-117.759382
884,-114.917822,13.7373,31.9688,1024,295.0000,0.000000,0.405640,0.285904,254,-118.948044
885,-114.917822,13.7373,31.9688,1024,295.0000,0.000000,0.405640,0.285904,254,-117.681279
886,-114.917822,13.7373,31.9688,1024,295.0000,0.000000,0.405640,0.285904,254,-118.025795
887,-114.839697,13.7998,31.9063,1024,295.0000,0.000000,0.405640,0.284927,253,-118.143039
888,-114.839697,13.7998,31.9063,1024,295.0000,0.000000,0.405640,0.284927,253,-117.656950
889,-114.839697,13.7998,31.9063,1024,295.0000,0.000000,0.405640,0.284927,253,-116.996248
890,-114.538760,13.7373,31.9766,1024,261.0000,0.000000,0.405640,0.285904,256,-116.283236
891,-113.482666,13.8779,32.0000,1024,254.0000,0.000000,0.405640,0.283707,258,-118.187135
892,-113.482666,13.8779,32.0000,1024,254.0000,0.000000,0.405640,0.283707,258,-116.356902
893,-113.482666,13.8779,32.0000,1024,254.0000,0.000000,0.405640,0.283707,258,-115.826656
894,-113.482666,13.8779,32.0000,1024,254.0000,0.000000,0.405640,0.283707,258,-116.109808
895,-113.482666,13.8779,32.0000,1024,254.0000,0.000000,0.405640,0.283707,258,-115.514663
896,-113.482666,13.8779,32.0000,1024,254.0000,0.000000,0.405640,0.283707,258,-115.791294
897,-113.482666,13.8779,32.0000,1024,254.0000,0.000000,0.405640,0.283707,258,-115.836384
898,-113.482666,13.8779,32.0000,1024,254.0000,0.000000,0.405640,0.283707,258,-115.791522
899,-113.482666,13.8779,32.0000,1024,254.0000,0.000000,0.405640,0.283707,258,-115.662879
900,-113.482666,13.8779,32.0000,1024,254.0000,0.000000,0.405640,0.283707,258,-114.410473
901,-113.482666,13.8779,32.0000,1024,254.0000,0.000000,0.405640,0.283707,258,-115.294557
902,-112.764587,14.0498,32.0703,1024,254.0000,0.000000,0.405640,0.281033,260,-114.605222
903,-112.764587,14.0498,32.0703,1024,254.0000,0.000000,0.405640,0.281033,260,-115.516070
904,-112.764587,14.0498,32.0703,1024,254.0000,0.000000,0.405640,0.281033,260,-115.555137
905,-112.764587,14.0498,32.0703,1024,254.0000,0.000000,0.405640,0.281033,260,-115.473669
906,-112.549744,14.0342,31.9922,1024,254.0000,0.000000,0.405640,0.281277,259,-114.609253
907,-112.499237,14.0684,32.0391,1024,254.0000,0.000000,0.405640,0.280760,260,-115.677094
908,-112.499237,14.0684,32.0391,1024,254.0000,0.000000,0.405640,0.280760,260,-114.737095
909,-112.499237,14.0684,32.0391,1024,254.0000,0.000000,0.405640,0.280760,260,-115.194122
910,-112.421112,14.0684,32.0234,1024,254.0000,0.000000,0.405640,0.280760,260,-114.626647
911,-112.421112,14.0684,32.0234,1024,254.0000,0.000000,0.405640,0.280760,260,-115.857545
912,-112.421112,14.0684,32.0234,1024,254.0000,0.000000,0.405640,0.280760,260,-113.826146
913,-112.421112,14.0684,32.0234,1024,254.0000,0.000000,0.405640,0.280760,260,-114.176405
914,-112.421112,14.0684,32.0234,1024,254.0000,0.000000,0.405640,0.280760,260,-113.571569
915,-112.421112,14.0684,32.0234,1024,254.0000,0.000000,0.405640,0.280760,260,-113.728724
916,-112.421112,14.0684,32.0234,1024,254.0000,0.000000,0.405640,0.280760,260,-114.312448
917,-112.353456,14.0840,32.0234,1024,258.0000,0.000000,0.405640,0.280516,261,-114.321457
918,-112.353456,14.0840,32.0234,1024,258.0000,0.000000,0.405640,0.280516,261,-114.529561
919,-112.186737,14.1309,32.0547,1024,254.0000,0.000000,0.405640,0.279783,260,-113.665857
920,-112.186737,14.1309,32.0547,1024,254.0000,0.000000,0.405640,0.279783,260,-114.296098
921,-112.186737,14.1309,32.0547,1024,254.0000,0.000000,0.405640,0.279783,260,-113.745627
922,-112.119081,14.1465,32.0547,1024,258.0000,0.000000,0.405640,0.279539,261,-114.224222
923,-112.119081,14.1465,32.0547,1024,258.0000,0.000000,0.405640,0.279539,261,-115.621887
924,-112.060487,14.1309,31.9766,1024,258.0000,0.000000,0.405640,0.279783,261,-115.919100
925,-112.050018,14.1152,31.9922,1024,254.0000,0.000000,0.405640,0.280027,260,-114.733183
926,-112.050018,14.1152,31.9922,1024,254.0000,0.000000,0.405640,0.280027,260,-113.193330
927,-112.050018,14.1152,31.9922,1024,254.0000,0.000000,0.405640,0.280027,260,-113.387847
928,-112.050018,14.1152,31.9922,1024,254.0000,0.000000,0.405640,0.280027,260,-113.463353
929,-112.050018,14.1152,31.9922,1024,254.0000,0.000000,0.405640,0.280027,260,-114.781392
930,-112.050018,14.1152,31.9922,1024,254.0000,0.000000,0.405640,0.280027,260,-113.835385
931,-112.050018,14.1152,31.9922,1024,254.0000,0.000000,0.405640,0.280027,260,-113.979770
932,-112.050018,14.1152,31.9922,1024,254.0000,0.000000,0.405640,0.280027,260,-114.272421
933,-112.050018,14.1152,31.9922,1024,254.0000,0.000000,0.405640,0.280027,260,-113.839394
934,-112.050018,14.1152,31.9922,1024,254.0000,0.000000,0.405640,0.280027,260,-114.316930
935,-112.050018,14.1152,31.9922,1024,254.0000,0.000000,0.405640,0.280027,260,-114.185333
936,-110.648346,14.3652,32.0391,1024,254.0000,0.000000,0.405640,0.276133,262,-114.755866
937,-110.648346,14.3652,32.0391,1024,254.0000,0.000000,0.405640,0.276133,262,-113.182691
938,-110.648346,14.3652,32.0391,1024,254.0000,0.000000,0.405640,0.276133,262,-114.136676
939,-110.648346,14.3652,32.0391,1024,254.0000,0.000000,0.405640,0.276133,262,-113.795839
940,-110.648346,14.3652,32.0391,1024,254.0000,0.000000,0.405640,0.276133,262,-112.265279
941,-110.101471,14.4277,31.9922,1024,222.0000,0.000000,0.421265,0.275156,261,-112.342684
942,-110.101471,14.4277,31.9922,1024,222.0000,0.000000,0.421265,0.275156,261,-112.172674
943,-110.101471,14.4277,31.9922,1024,222.0000,0.000000,0.421265,0.275156,261,-112.862911
944,-110.101471,14.4277,31.9922,1024,222.0000,0.000000,0.421265,0.275156,261,-112.356376
945,-110.101471,14.4277,31.9922,1024,222.0000,0.000000,0.421265,0.275156,261,-112.509735
946,-110.101471,14.4277,31.9922,1024,222.0000,0.000000,0.421265,0.275156,261,-111.485915
947,-110.101471,14.4277,31.9922,1024,222.0000,0.000000,0.421265,0.275156,261,-112.974668
948,-110.101471,14.4277,31.9922,1024,222.0000,0.000000,0.421265,0.275156,261,-111.498938
949,-110.101471,14.4277,31.9922,1024,222.0000,0.000000,0.421265,0.275156,261,-111.331407
950,-110.101471,14.4277,31.9922,1024,222.0000,0.000000,0.421265,0.275156,261,-112.095032
951,-110.101471,14.4277,31.9922,1024,222.0000,0.000000,0.421265,0.275156,261,-112.844150
952,-109.964752,14.6934,31.6875,1024,197.5000,0.000000,0.436890,0.271006,264,-112.225836
953,-109.954224,14.4834,31.9531,1024,245.0000,0.000000,0.421265,0.274300,262,-112.493266
954,-109.730377,14.6934,32.2656,1024,197.5000,0.000000,0.436890,0.271006,261,-112.055828
955,-109.163971,14.7090,32.1719,1024,197.5000,0.000000,0.436890,0.270761,263,-112.678080
956,-108.382721,14.9590,32.3281,1024,226.5000,0.000000,0.452515,0.266855,261,-111.563331
957,-106.679849,15.0146,32.0391,1024,263.5000,0.000000,0.452515,0.265999,262,-110.736000
958,-106.679849,15.0146,32.0391,1024,263.5000,0.000000,0.452515,0.265999,262,-111.091083
959,-106.679849,15.0146,32.0391,1024,263.5000,0.000000,0.452515,0.265999,262,-110.366686
960,-106.679849,15.0146,32.0391,1024,263.5000,0.000000,0.452515,0.265999,262,-110.464599
961,-106.679849,15.0146,32.0391,1024,263.5000,0.000000,0.452515,0.265999,262,-109.020599
962,-106.679849,15.0146,32.0391,1024,263.5000,0.000000,0.452515,0.265999,262,-108.627709
963,-106.679849,15.0146,32.0391,1024,263.5000,0.000000,0.452515,0.265999,262,-110.205143
964,-106.679849,15.0146,32.0391,1024,263.5000,0.000000,0.452515,0.265999,262,-108.691613
965,-106.679849,15.0146,32.0391,1024,263.5000,0.000000,0.452515,0.265999,262,-109.450624
966,-106.679849,15.0146,32.0391,1024,263.5000,0.000000,0.452515,0.265999,262,-108.937848
967,-106.679849,15.0146,32.0391,1024,263.5000,0.000000,0.452515,0.265999,262,-107.911276
968,-106.679849,15.0146,32.0391,1024,263.5000,0.000000,0.452515,0.265999,262,-108.879375
969,-106.679849,15.0146,32.0391,1024,263.5000,0.000000,0.452515,0.265999,262,-110.782353
970,-106.611255,15.0303,32.0469,1024,262.5000,0.000000,0.452515,0.265755,261,-109.331958
971,-106.611255,15.0303,32.0469,1024,262.5000,0.000000,0.452515,0.265755,261,-110.240840
972,-106.611255,15.0303,32.0469,1024,262.5000,0.000000,0.452515,0.265755,261,-108.993819
973,-106.611255,15.0303,32.0469,1024,262.5000,0.000000,0.452515,0.265755,261,-108.346151
974,-106.611255,15.0303,32.0469,1024,262.5000,0.000000,0.452515,0.265755,261,-108.133921
975,-106.611255,15.0303,32.0469,1024,262.5000,0.000000,0.452515,0.265755,261,-108.897135
976,-106.611255,15.0303,32.0469,1024,262.5000,0.000000,0.452515,0.265755,261,-109.679821
977,-106.611255,15.0303,32.0469,1024,262.5000,0.000000,0.452515,0.265755,261,-108.632136
978,-106.611255,15.0303,32.0469,1024,262.5000,0.000000,0.452515,0.265755,261,-108.710107
979,-106.611255,15.0303,32.0469,1024,262.5000,0.000000,0.452515,0.265755,261,-109.026320
980,-106.533130,15.0615,32.0703,1024,262.5000,0.000000,0.452515,0.265266,261,-108.630494
981,-106.533130,15.0615,32.0703,1024,262.5000,0.000000,0.452515,0.265266,261,-108.958909
982,-106.533130,15.0615,32.0703,1024,262.5000,0.000000,0.452515,0.265266,261,-109.042313
983,-106.352466,15.0420,32.0000,1024,262.5000,0.000000,0.452515,0.265694,261,-107.436876
984,-106.352466,15.0420,32.0000,1024,262.5000,0.000000,0.452515,0.265694,261,-108.203034
985,-106.352466,15.0420,32.0000,1024,262.5000,0.000000,0.452515,0.265694,261,-108.201860
986,-106.352466,15.0420,32.0000,1024,262.5000,0.000000,0.452515,0.265694,261,-109.892754
987,-106.000903,15.1670,31.9141,1024,262.5000,0.000000,0.452515,0.263741,263,-109.131902
988,-106.000903,15.1670,31.9141,1024,262.5000,0.000000,0.452515,0.263741,263,-109.267953
989,-106.000903,15.1670,31.9141,1024,262.5000,0.000000,0.452515,0.263741,263,-108.836097
990,-106.000903,15.1670,31.9141,1024,262.5000,0.000000,0.452515,0.263741,263,-107.691894
991,-106.000903,15.1670,31.9141,1024,262.5000,0.000000,0.452515,0.263741,263,-107.614786
992,-105.864185,15.1514,32.0391,1024,262.5000,0.000000,0.452515,0.263985,263,-108.660014
993,-105.864185,15.1514,32.0391,1024,262.5000,0.000000,0.452515,0.263985,263,-109.116208
994,-105.478442,15.1865,31.9844,1024,262.5000,0.000000,0.452515,0.263313,264,-108.309093
995,-105.478442,15.1865,31.9844,1024,262.5000,0.000000,0.452515,0.263313,264,-107.421337
996,-105.478442,15.1865,31.9844,1024,262.5000,0.000000,0.452515,0.263313,264,-107.303242
997,-105.478442,15.1865,31.9844,1024,262.5000,0.000000,0.452515,0.263313,264,-106.783796
998,-105.478442,15.1865,31.9844,1024,262.5000,0.000000,0.452515,0.263313,264,-107.656974
999,-105.478442,15.1865,31.9844,1024,262.5000,0.000000,0.452515,0.263313,264,-107.011646
1000,-105.478442,15.1865,31.9844,1024,262.5000,0.000000,0.452515,0.263313,264,-107.441753
