trial,seed,closure_initial,closure_relaxed,nearest,nearest_dist,mean_vsa,max_vsa
0,6e789e6aa1b965f4,2476793255,7035660,SHADOW,240,257.5000,282
1,beeb8da1658eec67,2573577689,7036789,NETWORK,236,257.0000,280
2,bfc846100bfc1e42,2522060190,7040136,SHADOW,238,255.7000,282
3,b3466f8a7b81a989,2557805022,7042182,NETWORK,235,256.4000,277
4,e474c66a4b98b030,2460992085,7037077,SHADOW,239,257.2000,281
5,c097314d939736f8,2496753573,7059174,NETWORK,234,254.8000,272
6,72419db23951df99,2502717612,7047992,SHADOW,240,257.1000,284
7,44c3cd7f43c661c,2515362788,7061637,NETWORK,235,254.9000,271
8,9ca8a164477d7801,2556332721,7047498,NETWORK,236,255.6000,280
9,c02d8a5e87afea62,2590650789,7042953,SHADOW,238,256.5000,276
10,bbff7c596e26ce46,2541700637,7039749,NETWORK,236,256.9000,280
11,432a5cd27a6b13a1,2519930637,7048768,NETWORK,235,256.0000,275
12,f080aa269da8a457,2536051669,7047671,NETWORK,238,255.3000,270
13,5424e3deaf36a071,2599471874,7042196,SHADOW,236,256.8000,282
14,124119f8f5acc27a,2418894805,7050146,NETWORK,238,256.7000,282
15,c7b81777bba81f50,2537223159,7046501,SHADOW,238,256.9000,278
16,145a11cac985644b,2513141401,7064224,NETWORK,233,254.8000,273
17,6434ff62b4e8edd1,2646598351,7052609,NETWORK,237,255.2000,273
18,b6d46a242257c018,2461893802,7044092,NETWORK,234,257.4000,278
19,1ddb4fcdd7c6d93a,2585258225,7042483,NETWORK,237,257.3000,275
20,4f73460a7fd6485,2511532301,7033266,NETWORK,237,256.8000,281
21,ea4fff2925fed5bf,2654527396,7051730,NETWORK,233,255.9000,272
22,ef9983fb367d464e,2686705116,7057511,SHADOW,238,255.5000,276
23,993810e13b72e5f7,2470353249,7046559,SHADOW,239,255.5000,277
24,a56a748bb815cbab,2560687533,7057514,NETWORK,238,255.8000,272
25,21541a4c43555ce8,2650306339,7042736,NETWORK,235,256.5000,281
26,74196ed460e5206b,2570573290,7049404,NETWORK,239,257.8000,281
27,abf8064ca5c7fe0a,2598539813,7045289,SHADOW,235,255.8000,279
28,b579d288df624bb6,2488263812,7036215,NETWORK,236,256.0000,280
29,ba57b7db607f9d1a,2460207097,7048369,NETWORK,237,255.4000,273
30,b8677ef8de17555c,2489812690,7039995,NETWORK,235,257.0000,281
31,bcd4dd2543bf3fd8,2581644362,7036056,SHADOW,239,257.6000,277
32,98129755f89e39e4,2502209880,7036719,NETWORK,238,256.9000,282
33,134268759688c202,2509658770,7038352,NETWORK,236,257.2000,282
34,ce4c7f759a91ae81,2521524083,7043160,SHADOW,239,257.6000,283
35,9a8c505971939232,2489678431,7044528,SHADOW,235,256.3000,279
36,56bdc90c44f66b09,2492224951,7043323,SHADOW,239,256.3000,279
37,b667b9039ae8a58a,2555923008,7042184,SHADOW,238,257.8000,280
38,1ded1ddfeec586e,2446517273,7041056,NETWORK,238,257.2000,282
39,e60bb9617aa6ed70,2616838511,7051052,SHADOW,238,256.5000,278
40,f8ef8aea0035a71b,2457599076,7065786,NETWORK,231,254.4000,271
41,992ffac69a7acd4c,2431133298,7041380,SHADOW,240,257.5000,284
42,28efe333b266f103,2573233717,7068193,NETWORK,233,254.3000,273
43,9cde98852e60034b,2538705756,7044513,NETWORK,235,257.0000,279
44,90f83af9167b6122,2478123677,7049486,SHADOW,237,256.6000,281
45,fb624bd98f2be6c4,2562410920,7041952,SHADOW,240,258.0000,278
46,2d68938cb83c2015,2554614268,7046066,SHADOW,235,257.6000,279
47,4a0fc32026e8cb6b,2443328912,7048486,NETWORK,237,256.6000,281
48,a9d2046c27881241,2599094507,7038721,NETWORK,235,257.9000,275
49,5a07ae9ef28d51cb,2523158419,7050524,SHADOW,239,257.0000,281
50,93eb5f0779e66277,2613576985,7048867,NETWORK,238,255.9000,278
51,5080e4863a45d029,2445775714,7052444,NETWORK,236,255.1000,273
52,37d84341320ed7ec,2593389164,7038022,NETWORK,237,257.2000,279
53,cc8037f0f65b12,2540496115,7044398,NETWORK,235,257.7000,283
54,4e7520c435bcdebe,2518488221,7034079,SHADOW,238,257.1000,284
55,7ed9fb4d4dcc031,2547495669,7038094,NETWORK,234,256.5000,276
56,b3d87520d2949899,2476122996,7032464,SHADOW,238,255.7000,278
57,70cfa3bb5ab58416,2604660353,7056678,NETWORK,236,255.1000,272
58,6d716e8fbd19e98f,2495548398,7049124,NETWORK,235,255.1000,277
59,89da4eb3e88436d0,2522308564,7053173,NETWORK,235,255.3000,274
60,22dd9b63a548252f,2585537600,7046769,SHADOW,237,257.2000,283
61,afa20b6f26a059f,2572749634,7054020,NETWORK,236,255.1000,274
62,bcb971f459c962ec,2470599687,7045920,NETWORK,235,256.3000,277
63,4c7924e17855434f,2568722845,7039452,NETWORK,236,256.7000,282
64,27b0f6e26c58cf1d,2482849202,7051466,SHADOW,236,255.8000,270
65,a3efbcce2e044f84,2538824566,7039480,NETWORK,233,256.7000,279
66,a211b519d9a09a1c,2476682929,7041813,SHADOW,239,257.4000,283
67,c4d30fba34838f11,2377377218,7043216,NETWORK,235,256.3000,275
68,db73d1b77f5c4672,2513304182,7067700,SHADOW,236,254.8000,274
69,41f49997d8eacb3d,2517031481,7040558,NETWORK,238,257.1000,280
70,32dcac7c9e946f08,2663455960,7058034,SHADOW,237,255.2000,271
71,7208f77cd2fb905a,2555650691,7048425,NETWORK,238,257.3000,280
72,cc90d92185f3c308,2598784279,7056078,NETWORK,233,255.1000,272
73,8293ca9a1d895ac9,2603433045,7066231,NETWORK,233,254.9000,277
74,3581193c6409874,2380574150,7044174,SHADOW,238,257.4000,280
75,3c2cc27c94cade7e,2629213875,7036591,NETWORK,236,257.2000,282
76,f8c72270ea450d14,2392780228,7056998,SHADOW,237,256.1000,275
77,7e54a4883a969e54,2520835257,7045413,NETWORK,231,256.2000,277
78,9cc1545e822bea27,2549571820,7039676,NETWORK,234,256.8000,282
79,bd3f66a48bd953e4,2589698642,7051537,NETWORK,237,256.9000,273
80,db88a580d4ba0f75,2524853674,7051288,SHADOW,236,256.2000,280
81,19c14d234735eace,2403136166,7040973,SHADOW,235,256.6000,281
82,c7906061e0e54e4a,2413855750,7041011,NETWORK,237,257.5000,281
83,e2c6873a45e822df,2422468649,7052426,NETWORK,235,255.2000,273
84,e44b64406e42c19e,2531090705,7053629,NETWORK,235,254.7000,275
85,dcc88b8fa154493d,2467303173,7032570,NETWORK,237,258.4000,279
86,d49af580ab63e7ba,2676108820,7036009,NETWORK,237,255.1000,277
87,df0526e805332605,2460748650,7043864,NETWORK,234,256.4000,276
88,23f9d5b54838a32d,2535046574,7075981,NETWORK,235,255.0000,275
89,b6ac9c29bc9e2b39,2514449103,7044953,SHADOW,239,256.8000,279
90,f95da216f8efc151,2478400172,7048579,NETWORK,235,254.8000,275
91,509aa85ead7bf074,2505743954,7034749,NETWORK,237,256.1000,279
92,ec9c2fa2b6081484,2523183041,7034659,NETWORK,239,256.3000,279
93,a1f9560f0c039b2d,2572749045,7042391,NETWORK,237,257.3000,279
94,2e749ea4b7c3d08e,2707184930,7046861,SHADOW,238,256.0000,276
95,6d16bf441c521f6a,2601692594,7045658,NETWORK,236,256.2000,280
96,c305b55273f09a3d,2552836435,7041576,SHADOW,237,256.8000,283
97,cfcbbc26a92eae52,2613753561,7053172,NETWORK,233,254.1000,275
98,dcf3aa47b91f209a,2607940737,7052972,NETWORK,236,257.1000,282
99,81ab918879d69a4,2568496960,7043432,NETWORK,238,255.8000,276
100,3bc38d6c6b89fe4,2483411563,7052775,NETWORK,236,255.2000,276
101,466a7d0954b76a3,2400488183,7036915,NETWORK,237,255.6000,275
102,989b810659c5a8bc,2560321727,7042029,NETWORK,239,256.8000,283
103,a909a1d80c374b1b,2398696586,7045609,SHADOW,240,255.9000,272
104,1408a9db15ba6483,2491145515,7045310,NETWORK,233,256.3000,279
105,488dacb220274c43,2494933584,7047213,NETWORK,235,256.3000,279
106,b6d38968c8a14052,2497988381,7036915,SHADOW,234,256.9000,280
107,7593ede49c8a6d72,2484993060,7039922,NETWORK,234,256.4000,276
108,c37ba70150f0a022,2523098352,7047252,NETWORK,237,256.3000,281
109,de79ecdd204a14ae,2630203710,7044753,NETWORK,236,257.1000,278
110,25238402863aae04,2555117515,7055499,NETWORK,237,254.5000,272
111,830e76017ba2d95d,2627896852,7052573,NETWORK,236,255.4000,274
112,c9c69f070558bd25,2471466225,7037191,SHADOW,238,256.2000,282
113,db57cca21df16c58,2476620341,7057429,NETWORK,234,255.3000,275
114,65a2cbbcce445870,2478575878,7046147,SHADOW,239,256.7000,281
115,457933cdd7e15b0d,2561171327,7039149,SHADOW,239,257.3000,285
116,d5c488aada832cd0,2464275441,7053716,NETWORK,236,256.0000,279
117,77880f83cde6257e,2510760066,7041984,SHADOW,237,257.3000,283
118,3bd3f66085c67635,2461522950,7050522,SHADOW,240,255.4000,274
119,1420e7b229e50edf,2505878751,7042336,SHADOW,236,257.0000,280
120,a960fbadc05f956,2492357106,7048452,NETWORK,235,256.2000,277
121,a4030097862f02a9,2441781089,7050190,NETWORK,241,257.9000,281
122,6d7199ef1ab00c51,2625125579,7042489,SHADOW,240,257.9000,280
123,fa023ce9f06fb77c,2474800948,7048308,SHADOW,235,257.9000,287
124,d809d16b79bc99a4,2435498279,7050142,SHADOW,238,256.2000,280
125,317cc0fa569e4021,2367587271,7031318,SHADOW,239,256.8000,281
126,967983d03f3dc431,2490831998,7037107,NETWORK,237,257.1000,283
127,88a32f63162d1170,2546968325,7036345,NETWORK,238,257.4000,278
128,a686b2c9730aec76,2541267006,7045854,SHADOW,238,257.4000,286
129,a3c4449e2626b033,2546574015,7053506,NETWORK,234,255.5000,275
130,f93ff2a60327dfaa,2480203846,7063225,NETWORK,237,254.7000,277
131,e9eb8d3f012cc6c4,2655339698,7041784,SHADOW,238,257.4000,280
132,f3ba016352bccaa9,2485982069,7045592,NETWORK,240,257.1000,282
133,171181951f4abc6c,2461837750,7047076,NETWORK,233,256.4000,277
134,5d7094e2341e754b,2487142698,7040294,SHADOW,238,256.5000,280
135,4d97b5f99e684b37,2419724178,7050899,NETWORK,235,257.2000,277
136,b8cb184df81e40c9,2376903257,7068516,NETWORK,236,254.7000,272
137,f299b795e27c008a,2523429285,7045584,NETWORK,238,256.9000,282
138,29450eddd2ea158b,2508319360,7044649,NETWORK,237,256.1000,281
139,abd7e5df74a2a202,2415160394,7045533,NETWORK,234,257.7000,280
140,816665c37e16a3d3,2594809960,7044767,NETWORK,236,257.2000,280
141,6cff846807683081,2531573748,7041890,SHADOW,232,257.5000,278
142,5455456a8a21f029,2407990801,7045516,NETWORK,238,256.6000,284
143,373432163641ec62,2512774273,7051944,NETWORK,236,256.4000,276
144,ef71ba2e1235cc1b,2605406668,7041224,SHADOW,239,257.6000,279
145,499bb73b40c36c8c,2624707768,7038624,SHADOW,240,257.6000,282
146,8cab760edc2b7ac8,2501575754,7057258,NETWORK,236,255.4000,270
147,e95a36e89d667109,2600792571,7038612,NETWORK,238,256.6000,278
148,db1e4b478bf81326,2569796342,7071555,NETWORK,236,255.9000,275
149,c0337b68e1243e9b,2491678603,7046058,NETWORK,236,257.2000,272
150,aa744f2b3ad8248,2568251037,7046753,SHADOW,235,257.0000,281
151,a268017980a84c08,2588008248,7033495,NETWORK,240,255.5000,278
152,edbc4b5e9782609a,2558224379,7054401,NETWORK,236,255.2000,274
153,391f050ccc264772,2420860162,7044821,NETWORK,236,256.4000,278
154,b59a83d208bd1afa,2667871742,7047913,NETWORK,236,257.5000,282
155,54d3bd5f26cee454,2604398725,7043089,NETWORK,239,256.9000,283
156,a0ee2e86cb8a1f85,2645096553,7039677,NETWORK,238,256.6000,280
157,3bfed024cf748335,2402461842,7049278,NETWORK,237,257.2000,277
158,95ff07f49f6f3eff,2545617051,7045107,NETWORK,238,257.2000,280
159,dc8abd5152fbbf23,2479982817,7067196,NETWORK,234,255.4000,272
160,bb4c4e486eeb2bf1,2561608771,7040400,SHADOW,234,256.4000,278
161,87026bd2686ab1e,2540729988,7052235,SHADOW,237,256.4000,281
162,5566a0a5e91e3869,2688300223,7047318,SHADOW,238,257.5000,276
163,d5caa1c57bf51495,2501656022,7039605,SHADOW,237,257.2000,279
164,a19f911151f07a21,2663677345,7047322,NETWORK,236,254.7000,274
165,871d6a48a34478a6,2657344570,7053874,NETWORK,235,254.9000,277
166,e4a6e23a12139ef8,2514030458,7062498,NETWORK,236,255.7000,269
167,c8922e2f48c2885d,2626380475,7071353,NETWORK,232,254.3000,272
168,d85f37e690bce45c,2572198535,7031816,SHADOW,236,255.9000,278
169,790ee0943f6f3120,2511257908,7078537,NETWORK,234,254.2000,276
170,9e08e7f4da1c01a2,2629542642,7042380,SHADOW,240,256.0000,276
171,e885e4a267f0e4fa,2648967984,7032414,SHADOW,236,257.5000,278
172,ff4a37980f4319f3,2467295842,7053511,NETWORK,235,256.9000,277
173,dcde4b235090427f,2594247620,7047194,SHADOW,240,257.0000,284
174,bd9d5e511852716e,2634902969,7050530,NETWORK,234,257.0000,282
175,9b28bd61c5349164,2539703710,7038999,SHADOW,240,257.1000,280
176,1b9dcdb1c6f604e2,2469301546,7049383,NETWORK,234,256.8000,280
177,e93ae20d52a2f2cb,2428578094,7041994,NETWORK,238,256.4000,282
178,d47482fe994a2a6b,2459782051,7054067,SHADOW,238,255.1000,268
179,40da23100476d73f,2447272962,7048657,NETWORK,237,256.3000,279
180,41ef7ab9f91b070,2539803848,7050463,NETWORK,237,257.2000,283
181,5355de8f99d83e75,2469334203,7067271,NETWORK,234,255.1000,270
182,7cb75a905c46ed88,2438573894,7042471,SHADOW,236,255.1000,278
183,a4ae195c854ed9f1,2610733373,7047072,NETWORK,234,256.3000,280
184,3336dfc8af63f0d1,2502200561,7039714,SHADOW,236,257.3000,276
185,10a5449ccdc88e,2631327185,7067902,NETWORK,233,254.8000,272
186,e0dbde2b1800c57e,2513607423,7046806,NETWORK,238,256.1000,278
187,820552a1a4603c8e,2592832846,7047013,SHADOW,239,257.6000,283
188,8ebf735ade9943f9,2559786199,7043947,SHADOW,237,258.0000,281
189,bee11c12cc86c3ca,2424913463,7047876,NETWORK,238,257.4000,282
190,3475a408240e9750,2465606258,7046607,NETWORK,236,256.2000,280
191,5b9b8432d9ad4f03,2628043469,7060772,NETWORK,235,255.0000,269
192,1b3b80190208392d,2553705621,7041550,SHADOW,236,257.6000,284
193,5e5bb959a8045c32,2495946419,7040443,SHADOW,241,257.9000,283
194,e3ac0c98c5b771a0,2455654785,7068806,NETWORK,234,255.3000,274
195,197bb0ed3964ecda,2459952148,7041930,SHADOW,241,256.1000,277
196,5803ac583c39ed54,2434864312,7045519,NETWORK,233,257.2000,283
197,1409ec9b42a2b6b8,2594562795,7058149,NETWORK,234,255.0000,272
198,4972c41a99edbf9f,2493672893,7038079,NETWORK,237,256.5000,281
199,e697a98b03af1789,2523166768,7041439,NETWORK,238,257.6000,282
200,a765439124f7d3d9,2557765658,7046856,NETWORK,237,255.2000,277
201,768b046875d62394,2640545551,7048320,NETWORK,235,257.7000,279
202,aa7a922d95a98ee4,2528841039,7049207,NETWORK,236,257.2000,272
203,939ef00c969490cd,2468764808,7048180,SHADOW,237,256.8000,281
204,ffa7d11214b22c33,2506050796,7043158,NETWORK,234,256.7000,284
205,835ed91ddc67810a,2481262698,7050505,SHADOW,240,255.2000,278
206,886a3b4b6849991e,2758408592,7043475,SHADOW,238,256.4000,278
207,cb9a21d6bacc4c6f,2541411591,7046602,SHADOW,237,256.8000,281
208,dc596d3cc3ecd626,2569570786,7056975,NETWORK,231,255.0000,273
209,b1efa5ba6d6ed638,2672564312,7042488,NETWORK,241,257.2000,275
210,6f2304707e837645,2581999711,7058617,NETWORK,234,255.1000,274
211,2d944272a6ee43c6,2735108775,7037048,SHADOW,237,256.5000,279
212,1a830871d0416248,2496591271,7056448,SHADOW,235,254.5000,273
213,b6d942ef13c4f088,2513358528,7076002,NETWORK,230,254.3000,274
214,6d66367a3c6a8e5,2550591923,7048745,SHADOW,236,256.9000,280
215,48802a2f667f2a6e,2577741532,7046166,SHADOW,239,257.3000,281
216,8a9d88954cb83c05,2578405977,7044354,NETWORK,238,257.1000,280
217,4f1489cca6eaa256,2653507239,7045318,SHADOW,240,256.7000,282
218,2d9db4b33372f6a2,2519541815,7047253,NETWORK,236,256.7000,278
219,2130e5941dd0250a,2525327282,7046112,SHADOW,238,256.7000,278
220,a6394b113acda75b,2612089663,7048047,NETWORK,233,255.7000,279
221,bac20574f5c965f4,2510176233,7035114,NETWORK,239,256.0000,281
222,ec35498a51dfa31e,2441997538,7038286,SHADOW,236,257.6000,282
223,836436949360267e,2661847915,7041393,SHADOW,235,254.2000,277
224,4073307695441ddc,2592856101,7055361,NETWORK,237,256.6000,279
225,8a77174a7819fd81,2594739704,7041550,NETWORK,236,256.2000,278
226,717e9e6a48feaf05,2573467466,7045003,NETWORK,235,256.4000,281
227,d379c46737abd722,2509672342,7042620,SHADOW,238,256.5000,276
228,45d4b2185c67dbbf,2404754893,7072363,NETWORK,232,255.1000,276
229,b630d58056dd3ed2,2598133958,7044375,SHADOW,236,256.9000,280
230,792948309f4e308c,2594570521,7030253,NETWORK,238,257.3000,278
231,259d30973417e74d,2568871414,7045160,NETWORK,237,256.2000,275
232,63a349a4ec5b0753,2629527746,7062710,NETWORK,233,254.6000,274
233,866cbfd0ba15078f,2563633111,7055793,SHADOW,237,256.3000,275
234,613223271d3e682,2461898328,7037360,NETWORK,236,256.5000,280
235,553468281b9d50e5,2553798384,7039435,SHADOW,236,257.0000,276
236,3ee5f6f23134230d,2503572592,7049239,NETWORK,238,257.0000,278
237,ba4dff955fb94b5a,2636326347,7054613,NETWORK,236,255.0000,274
238,25bf30b49164dbf2,2631706188,7035435,SHADOW,237,257.9000,281
239,57287ad59ebbe806,2510319770,7043016,NETWORK,237,257.0000,279
240,da7f67ad9843e1d6,2401268093,7047523,NETWORK,237,256.6000,279
241,3d593960d5c5b09,2326832421,7038253,NETWORK,235,256.5000,279
242,56731c2e221e6b10,2536259996,7034883,SHADOW,237,257.5000,279
243,ceea5f72602686f6,2557989751,7048141,NETWORK,238,257.3000,280
244,5af55f344827ac1d,2504521058,7044041,NETWORK,236,257.7000,280
245,e462007e19caf5c1,2352039055,7052854,NETWORK,231,255.1000,279
246,fe9b3048728f3a15,2513843156,7038191,SHADOW,237,256.9000,279
247,2656f07058a25d8d,2581335945,7044364,NETWORK,236,256.5000,282
248,bda5d91ea5d6f437,2657170812,7041282,NETWORK,237,256.6000,281
249,a6d4d870c5b1d149,2547774246,7048432,SHADOW,237,255.9000,279
250,66f26be16540d46b,2415062122,7041591,NETWORK,236,256.6000,278
251,40021388ada47417,2489588582,7046035,NETWORK,239,256.8000,273
252,c2b1094786a53923,2566532710,7045896,SHADOW,239,255.2000,273
253,9de5ced654149156,2606140924,7046028,NETWORK,235,256.8000,279
254,c8c65c18e915af97,2535161036,7047451,SHADOW,236,256.2000,274
255,ef84b9a82c2c8d15,2676642048,7048149,NETWORK,237,255.4000,279
256,f648421a27ca8ae0,2442127733,7036944,SHADOW,236,256.8000,280
257,85192a2d3a2b7feb,2525107060,7035794,SHADOW,240,257.0000,280
258,e74875695d6fea0e,2417113856,7045976,SHADOW,238,255.5000,280
259,ee0ddbb1acada5b3,2543472551,7039397,SHADOW,241,256.5000,279
260,f7990045e3ac673a,2515526944,7035903,SHADOW,240,256.5000,282
261,9012e1239c988404,2520776451,7045427,SHADOW,240,257.4000,284
262,7c9042c6ebecf2ff,2465855412,7045996,SHADOW,237,256.2000,281
263,9acd2c06026dee31,2470081102,7048973,NETWORK,235,255.8000,277
264,519b7962f1658152,2500629890,7046355,NETWORK,234,255.7000,278
265,60b3b86a11d1576d,2506777206,7045366,NETWORK,236,256.7000,280
266,b181e8ef6415a8c6,2526945486,7044895,NETWORK,236,256.3000,280
267,fef9dbcc789d70a2,2574747834,7034101,SHADOW,239,256.7000,275
268,8099a6ba9b2db9ea,2516127183,7039986,NETWORK,239,257.3000,283
269,b3b913994fc95866,2479667276,7050061,NETWORK,235,256.4000,281
270,af907224964b1b09,2552135499,7039108,NETWORK,237,257.1000,275
271,738b82a72a681b07,2577618400,7050771,NETWORK,240,257.8000,282
272,66ccf8b5c09ce43,2576366491,7047800,NETWORK,240,256.2000,278
273,7851a80236ef9644,2546083707,7049092,NETWORK,238,255.8000,282
274,1833701ff785e74e,2395332228,7040828,SHADOW,237,255.6000,279
275,fc038d4de0a15f42,2615909102,7042790,SHADOW,235,256.9000,283
276,fe990778db8b8b4a,2628701734,7043308,NETWORK,235,256.1000,281
277,5abafbf64f5aaa6a,2464175933,7047575,SHADOW,240,255.1000,278
278,6aab72ba3c7e0d32,2248616523,7045487,NETWORK,236,254.5000,272
279,9a8c2f39ea9abcf,2432658889,7048420,SHADOW,235,255.7000,277
280,6bc549ab8f0fcadc,2473127092,7064417,NETWORK,233,254.7000,271
281,3550b6b1a33444b2,2700203695,7059726,NETWORK,234,255.1000,274
282,165bba5d18444d1b,2552130342,7042080,SHADOW,236,257.3000,280
283,9eb246362f62f96b,2408593902,7045516,SHADOW,237,257.6000,283
284,a1f089632dabb8dc,2554337660,7033667,SHADOW,236,255.9000,280
285,215e38b864239e0,2526361406,7033951,NETWORK,237,256.7000,283
286,5d24616f679b00a9,2605867029,7033218,SHADOW,240,257.2000,278
287,4dfcd4f8ffe3822d,2502130205,7034300,NETWORK,234,256.7000,276
288,879c930ad90faa3e,2467370763,7073250,SHADOW,235,255.2000,273
289,52a3308027f09dcb,2520944715,7037180,SHADOW,239,256.3000,277
290,769d359e6a5be7b,2579265841,7044819,NETWORK,237,255.9000,277
291,6e5dcf332db76a11,2721673251,7047134,NETWORK,236,256.0000,272
292,cd2ee1bb85263d1b,2432612393,7064759,SHADOW,236,255.2000,274
293,dc1e41f83bbe9d30,2617755620,7043327,SHADOW,241,257.3000,281
294,3e77338f7f648d0,2497761553,7035404,SHADOW,236,255.6000,282
295,8cd0ceb7af3a4a7f,2424745481,7045851,NETWORK,237,256.2000,279
296,f29b706243a9dc44,2447675965,7050159,NETWORK,235,256.2000,279
297,cb51ca2bcc13b05b,2430235986,7046496,NETWORK,237,256.0000,281
298,8001c9a35a09dfc7,2484917329,7062727,NETWORK,236,255.5000,274
299,f8efa7d01822cb2f,2482822710,7038991,NETWORK,237,256.7000,279
300,3dc72a54150dbaae,2465065515,7058103,NETWORK,232,255.2000,272
301,1a432f366eba4879,2482700248,7062455,SHADOW,240,255.0000,276
302,3f17d8692029ab3a,2330930280,7041192,NETWORK,236,256.5000,284
303,416c1c4a98a5fdcb,2505584773,7051717,NETWORK,231,255.1000,273
304,878e91713bdc0707,2480689536,7053898,NETWORK,236,256.0000,278
305,e8e35646f9b5e556,2454677529,7049860,NETWORK,236,257.0000,278
306,ea097a649c8a2310,2714422459,7045642,NETWORK,237,257.3000,281
307,369aff42c22886dd,2444837889,7045405,NETWORK,238,257.7000,282
308,bff26c523407822b,2569761357,7046665,NETWORK,240,256.4000,278
309,a97d84fa0950b330,2457500322,7056182,NETWORK,235,255.7000,277
310,63190c376799568,2622797258,7037242,SHADOW,237,255.7000,279
311,32939a3f678272da,2500424286,7053948,NETWORK,238,257.3000,282
312,c1d6f6e8484d6582,2535738906,7038264,SIGNAL,241,256.4000,276
313,9d0f5fb78e621880,2517232861,7046217,NETWORK,241,257.7000,281
314,76e881fbbf8a4b83,2637171906,7066231,NETWORK,234,255.3000,276
315,85be71d65653e150,2481141764,7047650,SHADOW,239,257.2000,283
316,970cd1af0279e750,2585769184,7048943,SHADOW,236,258.1000,278
317,e675938c491b9be0,2593447357,7051232,NETWORK,235,255.7000,279
318,c9212166f71eee9c,2603143585,7045011,NETWORK,239,256.5000,281
319,5f33f1303b219178,2613198748,7041811,NETWORK,236,257.0000,280
320,2477008279f865,2585989038,7038917,SHADOW,236,256.8000,278
321,e36543695f773e77,2504424614,7064726,NETWORK,235,254.8000,271
322,6679e421070b530f,2527769306,7040996,NETWORK,238,255.1000,278
323,2b4f5f9a0a41b26f,2639625291,7039909,NETWORK,237,257.6000,279
324,d3beeaf8cb11caa1,2601526181,7038828,SHADOW,235,257.7000,277
325,6ca653588a9665fc,2570223452,7046310,SHADOW,236,257.3000,280
326,1a7a0222f1dca455,2589637781,7049102,NETWORK,234,255.8000,280
327,4c8d3182f0f806da,2643892039,7031935,SHADOW,238,256.0000,280
328,2ada12891c4e0ead,2542668405,7040477,SHADOW,240,257.7000,278
329,165a862150c699b2,2585858076,7053210,NETWORK,238,256.7000,286
330,44e43c2bb71cd321,2486984982,7055641,NETWORK,233,254.3000,271
331,375e95be22b5bb,2558110668,7046953,NETWORK,236,255.6000,280
332,a37c9c7f135b31f9,2626370174,7037470,NETWORK,238,256.7000,274
333,d77777f6dd5c9ed7,2422904502,7035921,NETWORK,239,257.2000,283
334,f4702de8c9e5cc1d,2511423471,7067108,NETWORK,233,255.1000,275
335,24ea8bc6702e6ab7,2446150768,7049920,NETWORK,239,256.4000,275
336,efe7facb9dba20d6,2470255746,7037595,SHADOW,239,256.7000,281
337,70927167fc9268e7,2475186017,7036537,SHADOW,238,256.1000,280
338,7964ea5dd911cc04,2542200988,7037464,NETWORK,236,257.6000,276
339,7173ab4886428f1d,2487503914,7048533,SHADOW,237,257.8000,283
340,52a58e8719e77e1e,2607036609,7038327,SHADOW,243,257.1000,279
341,affa1e75ffb590b3,2517566525,7057300,NETWORK,237,255.1000,281
342,3db9f19bb3a8cdf3,2513467437,7059422,NETWORK,232,255.5000,273
343,c7aadee1feeea80b,2623208086,7037143,NETWORK,236,256.6000,280
344,c87d330a571237c5,2463063321,7059526,NETWORK,233,254.4000,275
345,caf697c39511e5b0,2512479892,7063447,NETWORK,234,255.2000,275
346,cce785a5c3681396,2505066889,7066581,NETWORK,234,254.3000,274
347,bee2e2dfec56f701,2513477255,7056784,SHADOW,237,254.6000,275
348,e54d8a524ee2f846,2521072025,7041178,NETWORK,237,257.4000,281
349,64059b8f2e1a5605,2608123622,7043318,NETWORK,238,257.4000,280
350,b363e6946641d269,2508964793,7052246,NETWORK,235,255.8000,283
351,55dc2b9c185bde3d,2523545650,7045168,NETWORK,235,257.2000,277
352,892d831122d29256,2624364413,7037211,SHADOW,238,256.3000,280
353,15a4db04a0f79974,2463484364,7053329,NETWORK,231,254.8000,277
354,cfdb72b207576032,2473223634,7049703,NETWORK,239,255.7000,275
355,d502e59264fe6d2e,2548156437,7055850,SHADOW,237,258.1000,283
356,2390e0cefdd87de1,2498739816,7049637,NETWORK,236,257.3000,278
357,330cec239291d10c,2339709617,7040299,SHADOW,233,257.0000,279
358,28a4b450bf4f1748,2595162935,7063141,NETWORK,233,254.7000,271
359,180d45114326ad57,2538375899,7046626,NETWORK,232,254.2000,272
360,5bbdfbc4ecfcdee8,2464679592,7052542,SHADOW,237,255.5000,277
361,3afe31c895b8ab63,2493872901,7045078,NETWORK,238,256.7000,282
362,f24d3f1f42a9f79d,2580034404,7041906,NETWORK,237,256.5000,281
363,ca0c965b64c6b31a,2523938882,7062682,NETWORK,233,254.4000,271
364,11b9635de4af471c,2685441766,7048204,NETWORK,234,255.9000,274
365,b69b58ef601700bc,2442270928,7041890,SHADOW,235,255.2000,279
366,7fdd32ba1ffde1f8,2520565729,7038523,NETWORK,238,257.6000,280
367,9f9733a483b5eca,2492891835,7047849,NETWORK,236,254.1000,276
368,1668ca226e3d049b,2582194005,7048804,NETWORK,232,254.5000,274
369,c036e97f78c3e5f6,2506972044,7044506,NETWORK,236,257.5000,276
370,a0928bb2c757ad80,2653659421,7050583,NETWORK,238,256.8000,282
371,f1eb410bc7c814f4,2663663454,7048319,SHADOW,237,256.6000,277
372,3e24d52612e85616,2619913995,7058541,NETWORK,234,254.2000,272
373,d99bfc7a0548096e,2548711516,7037265,NETWORK,236,256.8000,278
374,b8c127b13b9625ab,2578432100,7059365,NETWORK,233,256.2000,274
375,dcbb822ff639dc2,2602362479,7042265,NETWORK,239,257.4000,279
376,d39c8fb8a9e6b19c,2512030914,7053186,NETWORK,237,255.8000,276
377,5a5bafd51095fe8e,2493682161,7052166,NETWORK,235,255.5000,275
378,605c55dfee1d3cac,2506564981,7064649,NETWORK,236,254.4000,278
379,192aa59c71b12d99,2427766937,7044465,SHADOW,231,255.4000,275
380,8e62dd8166c26b15,2439519817,7069905,NETWORK,238,255.5000,276
381,5e253400515bc15f,2446570344,7041029,SHADOW,238,257.5000,278
382,7d84e451d49adc0,2592694748,7050586,SHADOW,238,256.4000,274
383,d804d90c16fe3bbb,2592023425,7042677,NETWORK,240,256.1000,276
384,5c87daeb6d43a54a,2396939246,7043860,SHADOW,239,256.9000,285
385,faec29417f377b18,2497037109,7057919,NETWORK,232,255.4000,274
386,6914c3319f606a7b,2554952228,7041496,NETWORK,238,257.2000,276
387,60e7d0e4aea8809a,2548030502,7043882,NETWORK,235,255.9000,275
388,3f09ab48a3fc0731,2549298851,7039228,NETWORK,240,256.9000,284
389,684842d82e6c684e,2549876693,7052026,SHADOW,238,257.5000,282
390,7dd848f8618d1ef4,2487356313,7039738,SHADOW,240,257.3000,284
391,f548ab2e82bd5fe8,2491144931,7063487,NETWORK,234,255.1000,274
392,47d63578c5876c2c,2483212466,7050329,NETWORK,233,256.9000,279
393,8e1879eee06da44c,2465549618,7039629,NETWORK,239,257.8000,277
394,8a7e218e00d92bca,2484462472,7044586,NETWORK,235,256.9000,281
395,acf25dbc9d1b0388,2625594313,7059273,NETWORK,236,255.1000,276
396,efdf1e16957aa1cc,2482291512,7046441,SHADOW,236,256.3000,282
397,61fc7c3fa4cdf2ba,2603711465,7050670,NETWORK,239,255.8000,279
398,33002f89f226af4f,2487715094,7051651,NETWORK,234,255.6000,278
399,9160e3b44517efb0,2447261823,7041779,NETWORK,238,256.6000,280
400,a7006abbf823997e,2603134683,7045390,NETWORK,234,255.7000,272
401,997061670fd25d50,2613470787,7037228,NETWORK,238,257.3000,282
402,fd9a9b3698c7a665,2588438072,7043358,SHADOW,237,256.8000,283
403,6695aaf5a19ad07e,2562065457,7041206,NETWORK,237,256.2000,277
404,d9f2086683af9ac7,2426685604,7041082,SHADOW,237,258.6000,281
405,d9b1a7796866617c,2497070471,7042799,SHADOW,235,256.9000,283
406,da28240998ca1a29,2542163824,7046389,SHADOW,238,257.1000,280
407,e99c16c18fe81c9a,2314465907,7058800,NETWORK,237,256.2000,273
408,6550245168af6f78,2484749644,7056392,SHADOW,235,255.0000,271
409,b43f7b61f1439e76,2538016260,7039186,SHADOW,239,256.3000,279
410,8146cca898ac5468,2460988534,7038433,NETWORK,236,256.8000,278
411,397c2528270f9b64,2714891803,7050233,NETWORK,235,257.0000,277
412,c413082e0e0626e1,2611083407,7040077,NETWORK,238,257.0000,284
413,a3d124465ef63a13,2640334289,7035733,SHADOW,235,256.5000,281
414,99713081b0947171,2534682216,7042011,NETWORK,239,256.4000,281
415,7dd5d2767697ff9a,2551694663,7059064,NETWORK,233,255.0000,272
416,afe43e31636600ce,2537463025,7029105,NETWORK,241,256.8000,277
417,467b981a972f6504,2620235936,7047798,SHADOW,240,256.5000,282
418,2f48e4cb2fdc8d14,2508764869,7044132,NETWORK,235,254.8000,275
419,a5017a06767f32df,2544680519,7055612,NETWORK,236,255.0000,276
420,8c3140e522831efd,2548895088,7051433,NETWORK,240,257.5000,282
421,68b31c469c1ef3f2,2466135328,7036024,SHADOW,236,256.4000,276
422,c22e7e1827bc5c75,2586852953,7036028,NETWORK,238,256.8000,282
423,bbce1bc0ca6c8ccf,2424274179,7047508,NETWORK,233,256.9000,279
424,b28eddc8f8a3e5da,2603111372,7037027,SHADOW,238,256.9000,282
425,83b0bcb80e7ea627,2565278602,7045124,SHADOW,239,257.9000,281
426,942e56ee6bc98bb3,2476937653,7054227,NETWORK,232,254.3000,274
427,50d8b03841a3e7f7,2447197830,7041010,NETWORK,236,256.1000,276
428,dc55d34c45e2443f,2450627581,7047540,SHADOW,237,255.7000,281
429,65b31b10d426d123,2702743409,7044674,SHADOW,239,255.8000,277
430,ba71bff7f8c59528,2482317890,7045488,NETWORK,237,256.9000,281
431,45d9d6c101a20bf2,2602921602,7044036,NETWORK,232,256.7000,280
432,a154c70499933d07,2573135103,7043577,SHADOW,240,256.6000,284
433,a2c47a3ed69422e1,2576805412,7054465,NETWORK,236,254.9000,274
434,29a868a22cfe76b0,2421476383,7042864,SHADOW,238,257.5000,278
435,1e6b20602c697ed3,2592786155,7041473,SHADOW,237,257.3000,283
436,78c0689b2d0ee2ec,2415830216,7052332,NETWORK,233,255.0000,273
437,efb36bb061c2312,2541764313,7046749,NETWORK,238,257.7000,278
438,e99f9d8b1a6b5d1d,2555403251,7037756,NETWORK,239,257.5000,281
439,30284bd108887844,2408431359,7052179,SHADOW,238,257.5000,280
440,e82590b665d718d8,2398757115,7044410,NETWORK,240,257.1000,288
441,4fbfd0d18dff0b3a,2555170552,7044853,SHADOW,237,257.7000,277
442,e072884d9d8dd997,2565818410,7055545,NETWORK,231,254.8000,272
443,613ef4f5a2917372,2459115298,7049195,SHADOW,237,257.0000,279
444,a1026c87e3101d50,2551463723,7038872,SHADOW,237,257.9000,281
445,60925cac093e34b8,2512610202,7069622,NETWORK,236,255.9000,272
446,67990bbe7e54130a,2573047380,7034126,NETWORK,237,257.1000,277
447,762a83b0d795ac53,2737236724,7035153,NETWORK,236,257.7000,280
448,211607b954b09bd8,2486432546,7035610,NETWORK,238,255.8000,280
449,7c3988d1f5f27183,2337294350,7039862,NETWORK,236,256.9000,276
450,504962717e56c1a5,2599546954,7041422,NETWORK,240,256.6000,282
451,9b7a9a2df89cbbfc,2549560380,7053063,NETWORK,236,257.0000,278
452,ad0172b39f9064bd,2495619368,7040699,NETWORK,235,256.2000,277
453,edecf122613f7df5,2480933406,7065360,NETWORK,237,255.4000,274
454,f3e71b78fb9cfad0,2646908154,7074822,NETWORK,238,256.1000,269
455,893803ff548efd25,2604977774,7037228,NETWORK,236,256.7000,282
456,43b6f1f0b130d8e5,2514542729,7047341,NETWORK,235,256.1000,273
457,ad50a1dccba64d8d,2511144922,7045405,NETWORK,234,256.8000,276
458,ef088d412525219d,2654603692,7042152,NETWORK,236,257.0000,280
459,8d7a4ef7df8b25c7,2350352834,7042944,SHADOW,235,255.8000,279
460,b17468a865da0621,2576148119,7051875,NETWORK,234,254.7000,276
461,4203f2490c1d85b4,2575637069,7044927,SHADOW,238,256.3000,280
462,233b4aaeafabff4c,2526240943,7041522,NETWORK,235,257.8000,279
463,f520cead86a8323a,2515895635,7068770,NETWORK,234,256.4000,273
464,705460f45dce3831,2460114681,7038346,SHADOW,236,256.7000,274
465,e69f5e9b4ede635a,2628995806,7054378,SHADOW,233,254.8000,277
466,a24e8844c9aceac8,2474100921,7048963,SHADOW,237,258.0000,281
467,76bb828b49cd7650,2542085615,7080073,NETWORK,232,254.5000,274
468,d448e2731c7e00d3,2448744505,7051620,NETWORK,237,256.7000,279
469,44e80bc1bd6a244a,2545214959,7032695,SHADOW,238,256.7000,278
470,fe2a3b15f07e2b18,2474954028,7037714,NETWORK,236,256.8000,278
471,ed703af6fa6749f9,2565437790,7042458,NETWORK,235,257.0000,275
472,f9373712d614c539,2567049871,7048042,NETWORK,239,258.4000,279
473,ad7eea8388dea595,2462026507,7046431,NETWORK,236,255.9000,274
474,5f9645eb7fe01135,2468974722,7045683,NETWORK,233,254.7000,271
475,2548a76e020d4b2c,2455566997,7036052,SHADOW,235,255.9000,275
476,ab3c028dadd3009c,2524213007,7041754,NETWORK,239,256.8000,281
477,ea208060db71a0cc,2509948003,7054242,SHADOW,235,256.5000,281
478,a6748a080d7e3e9d,2612376691,7042938,SHADOW,240,257.7000,282
479,d5527e7f9ddd348c,2516515206,7048972,NETWORK,238,255.1000,274
480,7fb45c6a887a0a16,2474551920,7049219,NETWORK,237,256.7000,281
481,260ed6b778b1bd67,2500768915,7045461,NETWORK,237,256.3000,279
482,4dc9bec9b35e901b,2508904670,7053289,NETWORK,237,255.7000,272
483,4a1e2f48555fbf9c,2726461406,7039368,NETWORK,236,256.5000,280
484,6b88a423269bf34,2511125249,7054070,NETWORK,235,256.1000,273
485,bf19446c9492a301,2649431277,7055553,NETWORK,231,254.9000,274
486,41266427c5a294c4,2450029643,7048555,NETWORK,238,258.0000,278
487,ee32ec25e2a6a499,2431099620,7050868,NETWORK,238,255.3000,278
488,9f7d1b688487d33f,2533515491,7037773,SHADOW,239,257.4000,281
489,b7f128938942d96b,2459946623,7053113,NETWORK,233,256.7000,279
490,f423d67f366b23b9,2569248384,7037350,NETWORK,236,258.0000,280
491,4bb10e6d8c2d2379,2455538011,7043923,NETWORK,239,256.9000,281
492,f7505643da05511f,2544713137,7053909,NETWORK,236,256.3000,284
493,89f92cbddf61702d,2619579570,7049672,SHADOW,239,256.6000,283
494,bf5da712a9b3bd0e,2445335672,7038906,SHADOW,240,256.9000,280
495,e6b09ea83b6f9719,2505857535,7044578,NETWORK,236,257.3000,278
496,7dba406f7813d18f,2618347441,7052576,NETWORK,237,255.8000,274
497,1a7b2c166e62a7bb,2530071090,7036292,SHADOW,239,257.1000,281
498,54d8df5b4720f1ac,2510345586,7042246,NETWORK,235,256.8000,277
499,ed9140e8a71659bd,2555720102,7041684,NETWORK,235,256.8000,281
500,8ae224bde5334037,2411627068,7046692,NETWORK,238,256.8000,280
501,cc259116739c2572,2367109201,7045888,NETWORK,236,254.9000,278
502,9b114aced48429c8,2624886203,7039557,SHADOW,241,258.2000,277
503,c8267e7e9dd8731d,2516989805,7044228,NETWORK,236,256.3000,282
504,5224bcd76409b995,2549707496,7042387,SHADOW,234,257.0000,278
505,bad2683f9f9907d1,2567248515,7052111,NETWORK,233,254.9000,276
506,d7e7cf8b1c85af13,2427901420,7065845,NETWORK,232,254.5000,274
507,9589213246d781f3,2620396789,7041049,NETWORK,237,255.7000,277
508,766d180874d90c58,2599072035,7050467,NETWORK,236,255.8000,270
509,4192ca9eefcb441,2574587503,7054551,NETWORK,235,255.2000,279
510,3d2026fd1c3fcd41,2558443037,7046849,NETWORK,237,255.8000,277
511,de22293b310b80b,2377074867,7044360,NETWORK,240,256.7000,282
512,9533b262a8b16e3e,2488067309,7040836,NETWORK,238,256.5000,280
513,32ebac1a4cbae7d1,2500616114,7048326,NETWORK,235,256.3000,277
514,208f1aa7dbd00b42,2490866881,7039850,NETWORK,236,257.7000,282
515,f695badabb34e8f0,2645493949,7053610,NETWORK,234,257.7000,278
516,71471efaeab45d60,2480364850,7042888,NETWORK,237,257.3000,281
517,d6fcb20879e32120,2581912477,7040480,SHADOW,234,257.7000,276
518,beca4930ed3a9732,2590025687,7044691,SHADOW,234,257.2000,282
519,8da4aa2e4e3b09b3,2581707644,7044792,NETWORK,235,256.5000,281
520,7b70a0c5e3cce8a2,2615221432,7053337,SHADOW,234,255.1000,278
521,90f23dc642fb6651,2606433154,7046779,NETWORK,239,256.5000,279
522,6a73814a36c13e9d,2596399100,7061993,NETWORK,233,255.0000,276
523,4334a3fb6a951050,2641046085,7042529,SHADOW,236,255.4000,280
524,506090f11da67cf5,2525326096,7044117,NETWORK,235,257.2000,279
525,6be5c22c2949a521,2589761267,7043253,NETWORK,237,257.5000,279
526,3a6778d136a78e1a,2462294206,7043209,NETWORK,236,257.0000,276
527,fe66e7e4fa707fec,2491046418,7049503,NETWORK,236,257.1000,276
528,458f6a5927e3a9e4,2597158165,7054782,NETWORK,236,256.0000,278
529,e68f6a53922ae94c,2432795165,7052964,NETWORK,235,254.9000,273
530,81fc356e11af0321,2546961191,7046296,SHADOW,236,256.8000,278
531,3c317bdfa043be77,2614825871,7041986,NETWORK,238,257.2000,282
532,32b77828b84df983,2588389230,7045466,NETWORK,237,257.1000,283
533,2cac89cd8c90235a,2545041424,7060186,NETWORK,235,254.9000,273
534,9878a7b34d7718e1,2400438647,7045107,SHADOW,239,257.2000,281
535,33f253d42c529e9e,2467766702,7047238,NETWORK,237,257.8000,279
536,4c36c8e86cbd0136,2560649837,7038633,NETWORK,238,256.8000,284
537,fc7dbda14f13ecb2,2441413867,7036522,SHADOW,238,257.4000,282
538,3d664ff3ba8447f8,2444734648,7070777,NETWORK,231,255.3000,275
539,cbc66ec5b249475b,2543797522,7048833,SHADOW,238,256.2000,280
540,c7127acf599cf63f,2566429224,7052899,NETWORK,237,257.1000,279
541,15edb6e973a2f2c3,2597358827,7032852,SHADOW,238,257.1000,276
542,8109917995f256cd,2639425358,7046750,NETWORK,239,257.0000,277
543,a9939c80b33efa,2379156083,7039885,NETWORK,238,257.1000,280
544,75494140f8e1fd0b,2522068841,7045144,NETWORK,235,256.5000,277
545,f158aed50d4d4395,2617360075,7046215,NETWORK,234,257.0000,280
546,99cf63f0f0ae36d5,2539198019,7062138,NETWORK,238,255.7000,272
547,4c35b7ce2382c169,2642758165,7041830,SHADOW,237,257.2000,281
548,fcfe2671c18ff709,2323401333,7065334,NETWORK,236,255.8000,273
549,ff18991a034fb455,2546630295,7041682,NETWORK,237,256.1000,283
550,3aa9d20307fa8c54,2443142095,7044880,NETWORK,236,256.6000,280
551,2449e15d6bdce732,2442315143,7059832,SHADOW,237,254.8000,273
552,f28de29501c4da7c,2567353580,7036625,SHADOW,241,257.5000,281
553,27d15138ee7a0640,2549748781,7048223,NETWORK,233,255.8000,279
554,64e0e63fa4e66c1f,2592398894,7060878,NETWORK,229,253.8000,271
555,e493de30b312bff8,2477067539,7051316,NETWORK,235,257.8000,279
556,11b6b73624ffe7f4,2570347057,7057791,SHADOW,235,255.8000,273
557,77f98491285de654,2520767721,7047427,NETWORK,238,256.8000,280
558,624cb1eed6bcf32a,2434997263,7042017,SHADOW,239,257.5000,283
559,92ac2c9debd9eb44,2665284976,7049938,NETWORK,235,256.5000,279
560,b26190ae67cdff16,2462756270,7033221,NETWORK,237,257.8000,279
561,773a98a246fdb5ef,2541235978,7069083,NETWORK,230,255.2000,275
562,a83af11447690382,2256206635,7045171,SHADOW,237,256.8000,277
563,fdb886d5611992d,2516090266,7045907,SHADOW,240,257.9000,280
564,c79b872a67353db8,2472179530,7043665,NETWORK,238,257.1000,284
565,44ac2c8549be2b53,2501352416,7068169,SHADOW,234,254.9000,272
566,2fcf96c7bdb8559b,2521042810,7043037,NETWORK,238,257.4000,278
567,4a8cd57ca6b2f28a,2626079458,7037250,NETWORK,237,257.9000,281
568,efe605550bca39aa,2642582691,7046640,NETWORK,237,257.2000,279
569,9622159a1c4b5bd2,2643459915,7066166,NETWORK,236,254.3000,278
570,208d026225909fc7,2484741680,7063914,NETWORK,234,255.4000,271
571,ddfe0fabd1162358,2555076373,7043236,NETWORK,237,256.7000,275
572,9293eff79a5763cb,2486063726,7038274,SHADOW,234,257.1000,282
573,83bbe2dbc2f111c0,2494553664,7042771,SHADOW,233,255.8000,277
574,ce17d692c9582d95,2684747228,7050283,NETWORK,235,256.8000,279
575,7e0bf8f1640885dc,2598326373,7043072,NETWORK,236,256.4000,272
576,5af100706c19dc67,2533313024,7059855,NETWORK,231,254.9000,273
577,239219d671839ef4,2426960930,7045763,NETWORK,237,255.9000,277
578,b9d4564fa6495ac7,2382483323,7044851,NETWORK,234,256.5000,280
579,c589e60e9f8bb887,2515691640,7045984,NETWORK,240,255.8000,276
580,53f5bb2a4503fa58,2609358189,7043337,NETWORK,235,255.8000,275
581,26e54942371875e2,2508087524,7036693,NETWORK,240,255.7000,278
582,a8241c18e0ae525d,2394136772,7043371,NETWORK,237,256.4000,279
583,35b03b60992338e4,2480510968,7037374,SHADOW,236,257.7000,280
584,ada9688d695ef969,2581196175,7043031,SHADOW,239,257.9000,281
585,7840f274c12b236a,2481208289,7041885,NETWORK,236,257.3000,280
586,dcde2688eda75187,2457990436,7042865,SHADOW,237,256.6000,279
587,5235df0e2a174243,2510847828,7060235,NETWORK,238,255.1000,272
588,c1764c7269ea6890,2477655193,7065604,NETWORK,239,255.5000,277
589,d73002fa1558a2ac,2485997022,7044173,SHADOW,236,255.6000,276
590,74a7d9346035bff4,2491717156,7043658,SHADOW,238,257.8000,282
591,5dfa4f9227a278bc,2396414006,7038741,NETWORK,239,257.6000,281
592,3e420a8ba4738533,2422704662,7052489,NETWORK,237,254.9000,273
593,ac1fef61cb9b3a1a,2450893485,7048792,NETWORK,236,257.1000,280
594,b8b2779242d3b4ea,2490389607,7075256,NETWORK,237,255.6000,273
595,64486d82798662fe,2534064400,7036489,NETWORK,238,256.9000,280
596,cf439b0e0f56eed5,2554440545,7034788,SHADOW,240,257.6000,282
597,890ef0f830b4923e,2609396280,7051496,NETWORK,241,257.1000,281
598,4a89147e6ce0da5f,2656431276,7048607,NETWORK,238,257.2000,278
599,afd22425a7e0b410,2445697024,7050817,SHADOW,235,256.0000,275
600,716de83530e2992f,2423557792,7047147,NETWORK,233,254.9000,271
601,d10d96afd1bd31aa,2560112403,7046549,NETWORK,238,256.0000,276
602,9c762d600f9a553e,2491436735,7043416,SHADOW,236,256.5000,282
603,70325e0b69cf9b1c,2382060518,7060176,NETWORK,235,255.1000,275
604,21e3ad37f00aac3c,2471513232,7047208,SHADOW,238,256.1000,282
605,192b304b2df19bca,2414201349,7046123,NETWORK,236,256.2000,280
606,be670c7020ba85d3,2506910574,7039332,NETWORK,235,256.0000,277
607,e8afbbf15b616503,2561834629,7035621,NETWORK,237,256.7000,279
608,7ed50752133381e6,2507842567,7048963,NETWORK,237,257.1000,283
609,febf996e381d9c2,2630792294,7045246,SHADOW,237,257.2000,283
610,c585045cebdf8379,2592031108,7049979,NETWORK,231,256.9000,279
611,d9d800f471493ed7,2593848763,7050655,SHADOW,240,258.5000,282
612,9b35feacb18545ed,2599271631,7045214,NETWORK,237,255.1000,277
613,404ec20db8c0940f,2539632430,7045296,NETWORK,235,257.2000,281
614,2510db662ce2a163,2563123576,7039108,SHADOW,238,256.5000,278
615,36016e292ff058d9,2471253791,7054606,NETWORK,234,254.9000,276
616,170731652413fcf8,2400776628,7054155,SHADOW,239,256.6000,271
617,4bc8a0e6c8899ed8,2499353833,7034575,SHADOW,240,256.9000,280
618,9b12d5d9885be30f,2534849700,7043441,SHADOW,237,254.6000,279
619,e2831514b1592fb7,2527752389,7045102,NETWORK,237,256.1000,281
620,9d3deb826d7c4d67,2501079412,7052076,SHADOW,242,255.7000,284
621,ae2a670a24ad4f8c,2645036737,7044374,NETWORK,238,255.3000,274
622,59e7eb4c2dddf337,2654123867,7039169,NETWORK,235,257.2000,277
623,e7f69296653e6dab,2434733518,7047989,NETWORK,239,256.1000,281
624,35ebb49354ceae87,2617512439,7045101,SHADOW,237,256.9000,277
625,f6169c73bc007d39,2373271509,7050745,NETWORK,241,255.7000,273
626,ec833ed45eb79f1e,2443999181,7040138,SHADOW,240,256.7000,280
627,1e5ac461ab87153d,2575565264,7045583,NETWORK,234,256.2000,280
628,51ae097069c9687d,2387605108,7055785,SHADOW,237,257.9000,283
629,441a11e752018604,2543544512,7042089,NETWORK,235,256.6000,279
630,5fa754053f5b2342,2662125598,7053522,NETWORK,236,255.0000,274
631,11ce26ef4d97c88b,2527457006,7039867,SHADOW,239,258.2000,277
632,aebf9f272d12196c,2500717889,7050312,NETWORK,237,255.7000,275
633,68c71701e17a01e5,2615502360,7043601,NETWORK,237,257.8000,277
634,8781ae21ac18f661,2627520985,7038168,SHADOW,236,257.2000,276
635,dd8d0e261948bb60,2510148345,7035830,NETWORK,237,257.0000,277
636,b01bbd6c817902b5,2584883733,7051057,SHADOW,237,257.5000,277
637,5a9d2fbf64c9d95f,2613227750,7043310,NETWORK,240,257.5000,284
638,dd4c7805007a0c69,2544834711,7050000,NETWORK,239,257.6000,283
639,a89e1eabeed5634b,2450255690,7046055,NETWORK,237,257.0000,281
640,a1e1aa7cbcf83844,2462435167,7053538,NETWORK,236,256.8000,280
641,5e73dcfb2ed72217,2666798601,7052374,NETWORK,236,254.8000,276
642,b7e79a9da0cc713e,2421807606,7042069,NETWORK,236,255.8000,276
643,3afce6591f6b36d2,2542821237,7062241,NETWORK,235,254.5000,273
644,f73176d174574064,2455589170,7042435,NETWORK,237,257.9000,277
645,ccf1204a084cd48e,2450486843,7042468,SHADOW,237,256.3000,272
646,bee8e797cce936a6,2337771846,7041578,NETWORK,238,256.6000,280
647,238ac7243d118934,2727161749,7057719,NETWORK,235,254.6000,271
648,531facd139c2c9cd,2475666772,7030194,SHADOW,237,256.9000,277
649,95a808902d527c87,2633141810,7054765,NETWORK,233,255.3000,271
650,e99a0b0f5f5851c0,2645070146,7046795,NETWORK,233,256.0000,274
651,55da0c729e178385,2577554493,7046461,SHADOW,236,256.0000,274
652,aabd3d438aacfa31,2444930835,7042035,NETWORK,237,255.6000,283
653,a8744faa1e229d68,2664391621,7047347,NETWORK,235,255.5000,275
654,ef524be66a650fe5,2639853302,7049869,NETWORK,237,256.7000,283
655,c9867d636e44c7e4,2462020819,7048657,SHADOW,239,257.6000,281
656,bf53fe8628061273,2562741811,7043410,NETWORK,237,256.9000,279
657,c13352dedebdd090,2465957573,7039251,NETWORK,241,257.5000,275
658,459b7864ff5a064c,2425548949,7052855,NETWORK,238,256.1000,276
659,4c6dd586b81889be,2602987346,7047816,NETWORK,232,255.4000,280
660,d38a4132d511f8ad,2546966080,7053224,NETWORK,237,255.2000,276
661,bdd1cb907320b37d,2542868551,7036516,SHADOW,237,256.3000,275
662,e361e87dd13556f2,2586420007,7041470,SHADOW,240,255.6000,276
663,b22fda5f469c46ec,2484296006,7039047,SHADOW,236,256.9000,280
664,2da405e823e1fe9d,2386899078,7046415,SHADOW,236,256.8000,278
665,aa47ca3d882914a0,2495752130,7058603,SHADOW,232,254.4000,274
666,2349221412266451,2494027924,7037239,NETWORK,240,256.8000,278
667,b56fdbab1ce7b37,2338464962,7063579,NETWORK,235,255.5000,273
668,3b8136e0ff77e131,2431422151,7050088,NETWORK,238,255.9000,273
669,b2963e041e9dcd75,2542772545,7032507,SHADOW,235,256.3000,279
670,b0eff83565d2c296,2568610976,7060761,NETWORK,235,254.9000,275
671,2214c6ee2f24f569,2481233928,7047243,NETWORK,237,257.2000,277
672,c2dce32ed968abce,2485718969,7045169,NETWORK,239,257.7000,279
673,db7ec07937252253,2633730197,7063880,NETWORK,235,255.5000,274
674,ac06498364b703f4,2616660084,7047565,SHADOW,234,255.8000,274
675,2bb5bda3e5dcb348,2480363748,7033574,NETWORK,236,256.6000,280
676,1e404157de1efa38,2592557009,7049395,NETWORK,233,255.8000,275
677,ebcecc8fc69a34ac,2650765881,7037047,SHADOW,238,257.3000,284
678,cf4da0faa7e07ffa,2591822146,7046987,NETWORK,237,256.6000,275
679,4cc4c84f46856d85,2558495353,7067882,NETWORK,237,255.3000,271
680,f79fb87ec488ab45,2391955736,7048059,SHADOW,237,256.1000,273
681,3f27e1c9c55523df,2611684852,7046578,SHADOW,242,258.3000,284
682,b201a5f6361515b5,2632118930,7050155,NETWORK,236,256.7000,282
683,20210c481769f684,2463984449,7043201,NETWORK,238,255.6000,274
684,74d34ebbd4f21bbf,2631041195,7060891,NETWORK,229,254.5000,269
685,75e70fa291e31679,2524945426,7049644,NETWORK,237,256.7000,283
686,795aa08b901b26ed,2632110224,7049431,SHADOW,237,256.1000,283
687,1fbe541b8075ca00,2443055735,7042220,NETWORK,237,257.7000,279
688,a5fdedae1059fa70,2442826737,7035987,SHADOW,240,256.0000,278
689,cd19277ff48ea2a,2650928024,7042768,SHADOW,234,257.7000,274
690,3c5450aad6ddea57,2532350601,7044819,NETWORK,234,256.7000,276
691,728757a87e82504,2443146702,7029285,NETWORK,236,257.2000,284
692,2ea806104083fa35,2536572469,7046587,SHADOW,236,256.6000,280
693,6269bb001cfdf49f,2577575386,7053642,NETWORK,236,254.8000,272
694,d7e62f5361409d83,2466243327,7061256,NETWORK,235,254.6000,273
695,cfcd77a11ae58acc,2436095627,7043350,NETWORK,233,256.7000,281
696,7d81800fc7c3a937,2459202868,7036007,SHADOW,238,257.3000,284
697,fe56a53c0996d3f1,2632014597,7052198,NETWORK,238,256.0000,284
698,264d11352d2899e2,2559360758,7037653,NETWORK,237,257.2000,279
699,1e2f510e3aaab07,2564058638,7040330,NETWORK,239,257.5000,283
700,7b739019c10233fd,2388285809,7049089,NETWORK,234,256.5000,280
701,73c2482def682c59,2610864909,7047884,NETWORK,236,255.1000,272
702,3f34ad0c95d7905c,2426122288,7042607,NETWORK,236,255.2000,282
703,f7df017f6bdc649,2444635068,7038946,NETWORK,235,257.4000,279
704,bf191625b323a3c5,2436100893,7041883,SHADOW,237,254.9000,279
705,604fc431f81a25f1,2575882095,7044250,SHADOW,236,257.5000,280
706,6d45df01efe83bd6,2532302389,7066766,NETWORK,233,255.4000,277
707,2b33ac74667138db,2531889363,7039433,NETWORK,236,256.1000,278
708,648cdd76867d5afe,2503099267,7046197,NETWORK,239,256.2000,279
709,3f2542ea403c2af0,2505315901,7047256,SHADOW,240,257.8000,280
710,fef0a1762eae5f07,2455413936,7042025,NETWORK,235,257.6000,281
711,667178123af89e3a,2429183095,7050892,NETWORK,241,255.4000,279
712,957abda6fca49a78,2515006880,7039629,NETWORK,236,257.4000,282
713,799180584593f5a9,2517397525,7050653,NETWORK,237,257.3000,279
714,753bd9be28f1c547,2496324782,7048538,NETWORK,239,255.5000,279
715,bd76e780288ff59a,2689362473,7040098,SHADOW,241,258.0000,281
716,487de9a52d18cd76,2594861083,7047523,SHADOW,239,258.3000,283
717,fbfbe4ff71bace8b,2564176730,7053855,SHADOW,236,256.8000,282
718,d6f3d4d76626365a,2481662103,7036120,SHADOW,238,256.8000,284
719,787047f5c9602ec2,2530228213,7048635,NETWORK,238,257.4000,280
720,d9b4c693199881ef,2602908483,7057315,NETWORK,240,256.0000,280
721,4231cc1a883cb095,2486130076,7042210,SHADOW,239,256.6000,279
722,8086373a0f81baa7,2531750500,7041604,NETWORK,238,255.6000,280
723,c6ee6d52123f36c2,2518175739,7061413,NETWORK,234,255.7000,271
724,550ab933202b0a3f,2638417324,7041412,SHADOW,238,256.1000,278
725,a73364a69c4e13e8,2487085172,7046983,NETWORK,236,256.1000,280
726,90e37081117eb4a7,2414125847,7048316,NETWORK,235,256.4000,279
727,24c9f1db950d1444,2511838468,7054065,NETWORK,235,255.2000,273
728,8e9f5558e37fab19,2437895164,7038594,NETWORK,235,256.2000,281
729,c76d55c6f5ffd7ff,2425201328,7040167,NETWORK,237,255.1000,277
730,c2eb916ae6a3fb80,2614299466,7047957,SHADOW,237,257.2000,281
731,4e85d0b8248dc6d4,2543363780,7043597,SHADOW,240,257.7000,282
732,c1f378d224d4665f,2437360490,7056898,SHADOW,235,254.0000,273
733,b228fabe2652eb3c,2602128865,7058535,NETWORK,232,255.1000,274
734,8e7b9b81b5edcd57,2458789408,7053274,NETWORK,233,254.6000,274
735,dfff7f582294754f,2540007677,7042495,NETWORK,237,255.2000,281
736,4129f4e2f389304d,2474280171,7046732,NETWORK,236,257.7000,278
737,ce4dfa04fbcc155f,2522210414,7038693,NETWORK,236,256.5000,276
738,4efa6bcd76618ee6,2635329900,7037167,NETWORK,236,257.2000,278
739,2d3da95d7a56742c,2609789784,7060537,NETWORK,236,254.3000,272
740,cc19b155b9fab60c,2539992800,7054662,NETWORK,231,254.7000,271
741,d320cc76583f49cc,2659911903,7036613,NETWORK,236,257.3000,282
742,d9bee9da01cbb2f6,2547938031,7052022,NETWORK,237,256.5000,283
743,497eb5e19e8e1970,2615797439,7042098,SHADOW,237,257.2000,277
744,265db2cfd12218a7,2545784550,7048171,SHADOW,240,257.2000,282
745,4eb09c359bb4af45,2498595483,7047932,NETWORK,235,256.6000,279
746,a3b9da3be4c45b16,2543662766,7049408,NETWORK,238,257.8000,280
747,7d05f0b157a082b4,2444811968,7048893,SHADOW,237,257.2000,285
748,8a8b41b8bcdea515,2643011418,7048426,NETWORK,238,254.6000,272
749,90856e834ef26d8c,2531757887,7044415,NETWORK,234,255.8000,278
750,511abf4af4fd57dc,2503755732,7045429,SHADOW,239,257.8000,279
751,76b0d2bc3ff6596f,2508566446,7041190,NETWORK,237,256.3000,283
752,b8ee92ead0a921d0,2371864537,7050573,SHADOW,236,256.5000,280
753,c3d5341307ae99dd,2456412589,7047347,NETWORK,234,256.8000,284
754,4bc9f3a54c38e944,2612250870,7045324,NETWORK,235,256.1000,281
755,9ae53d43e51e9f3d,2460701051,7044038,NETWORK,233,255.7000,279
756,aa1814206dcf7a2f,2433735725,7044395,NETWORK,237,255.5000,274
757,fda1ec365286b7fe,2499686839,7041944,NETWORK,234,257.2000,274
758,7059e39a67a25296,2598855048,7042728,SHADOW,239,257.0000,279
759,fc77019941e5edf5,2457988530,7039695,NETWORK,238,257.8000,282
760,29c1bfd7ac8c7c69,2605607020,7059496,NETWORK,236,256.6000,280
761,b371c2a2ccf38f0a,2572881524,7074316,NETWORK,229,255.1000,273
762,a1dc8f60c8de8b16,2492491397,7054925,NETWORK,238,255.6000,274
763,2331b1dda78b8f72,2344526708,7050315,NETWORK,235,255.6000,279
764,bd0c615f8f261411,2610037280,7045397,NETWORK,235,257.3000,279
765,560b134212ea891e,2488684423,7058421,NETWORK,231,254.8000,273
766,90c597237613b136,2541677675,7039893,NETWORK,235,256.1000,279
767,d55fff96af460417,2428613673,7044415,NETWORK,235,256.3000,279
768,bf66b87a27fb0e33,2653890378,7042955,NETWORK,236,256.7000,280
769,14382d4a6aec6a12,2604559977,7048030,SHADOW,238,257.0000,280
770,3ba46a04b0454725,2552290269,7046061,SHADOW,236,257.5000,280
771,31de81da27eeed9e,2551286190,7060528,NETWORK,232,256.3000,274
772,1fd91ac642c2b93f,2431532356,7050833,NETWORK,239,255.1000,279
773,94e0fc609360ca94,2624328192,7053595,NETWORK,234,254.9000,274
774,ee7cb6d0977fa77f,2617732024,7042418,SHADOW,240,256.1000,274
775,98fd556f9e40d9e3,2480485260,7042985,NETWORK,235,258.0000,277
776,efe5c8599e0c932f,2540347989,7047850,SHADOW,237,256.5000,277
777,a710687caae04440,2526835299,7047516,NETWORK,241,257.8000,279
778,e7028c1f41bb662a,2590645142,7048500,NETWORK,233,254.5000,271
779,6e9a1b5ed3b9868c,2584783912,7039487,NETWORK,238,257.5000,282
780,2eeba4edabdea061,2514824634,7044206,SHADOW,238,257.3000,276
781,3397874d4d3818c3,2509982676,7045698,SHADOW,235,257.3000,279
782,72006c04e9d2db8c,2415944657,7044576,NETWORK,233,256.3000,279
783,30ad4be995b3e2c8,2592484944,7042256,NETWORK,235,257.6000,277
784,bf38b394fbf3ea09,2467344929,7046283,NETWORK,238,257.0000,280
785,7fa19f7b05d17783,2402354551,7041410,SHADOW,236,257.9000,282
786,f9e32e92583a1b39,2554137967,7057564,NETWORK,235,255.3000,276
787,5569e2648dfe8824,2545294310,7050288,NETWORK,237,255.5000,277
788,222a4160073db1f1,2594189131,7041741,SHADOW,239,255.7000,279
789,c697fb8f372c4367,2527635404,7049562,NETWORK,236,254.5000,276
790,264f978043a0fea4,2556439110,7051735,NETWORK,240,255.1000,270
791,dcac052b50ef27fe,2571734404,7044577,SHADOW,235,257.9000,283
792,cfeee8a1923428f3,2603129388,7050590,SHADOW,237,258.5000,281
793,93daaf51ed1d4cf5,2516898364,7043214,NETWORK,241,255.9000,277
794,8d8b39a9b48ebc42,2481805250,7035669,SHADOW,240,256.7000,282
795,f3afe42ee3ef0d02,2574879092,7057619,NETWORK,237,257.1000,281
796,260ca06b3e6e2417,2595334528,7059901,NETWORK,235,254.2000,275
797,bfdc18bf74b5e499,2512577525,7044510,NETWORK,236,255.5000,272
798,d7924d0f83fbb6bf,2583033053,7058298,NETWORK,237,254.5000,273
799,a7dcd7d0e7bc27ec,2572933927,7050301,SHADOW,236,255.5000,282
800,1cce2b9fef85c2e9,2452503306,7043420,SHADOW,239,257.0000,277
801,825df7b035b98d7f,2577015152,7049246,NETWORK,238,257.6000,280
802,cb4d594caeb2df90,2664418555,7030014,SHADOW,238,257.7000,278
803,dce363707c6bde4a,2498765736,7046011,SHADOW,239,257.8000,279
804,b0c736cbe3d30209,2530580015,7059448,NETWORK,233,255.2000,273
805,6c4fc6aa1f5625c3,2468641511,7050956,SHADOW,238,256.1000,280
806,5906b39ef8cdc622,2570746503,7067223,NETWORK,237,254.3000,275
807,38397b819f345896,2607985062,7050060,NETWORK,233,254.5000,274
808,f48cceab5a1e6c94,2423891563,7054437,SHADOW,234,254.9000,274
809,24db4506dae0f19f,2670843468,7037716,NETWORK,236,255.9000,278
810,63691a2672bc55cd,2750216159,7060543,NETWORK,235,255.5000,274
811,442e2f882b9652df,2512917036,7049890,NETWORK,238,258.0000,280
812,c0c4804c0cc7f0e,2458338847,7050873,SHADOW,237,256.5000,273
813,543afafccc6521b8,2569008638,7042118,SHADOW,237,256.1000,279
814,e233e8d3cebf5749,2559234544,7053563,NETWORK,235,256.6000,281
815,d72013577b130af3,2566554729,7037357,NETWORK,239,255.5000,273
816,dead72d08a17d436,2555686171,7058289,SHADOW,233,255.8000,273
817,6daa59cf0a6b8db4,2397163599,7044157,SHADOW,239,255.9000,273
818,33710563ad0d7ab,2508245030,7037995,SHADOW,236,257.4000,282
819,52188172c4d994cf,2491858639,7039625,SHADOW,237,256.6000,281
820,f8f2182374b744ff,2534037846,7045280,NETWORK,235,255.8000,283
821,869c7c65444d5a14,2542191377,7044004,NETWORK,235,257.1000,277
822,29b8266908849a52,2470421530,7039810,NETWORK,234,256.2000,280
823,82f4a1d37cc34383,2602926328,7046262,SHADOW,239,257.0000,283
824,c6d793acd7334194,2652798290,7034851,NETWORK,239,256.7000,283
825,8c4a3bcd5f0c3658,2401189635,7064036,NETWORK,235,255.0000,273
826,4a8e56eba51b69a4,2539461748,7050665,NETWORK,235,255.4000,277
827,1d654a834cf47dc6,2458431670,7039352,NETWORK,237,257.2000,281
828,fd939e86032b08,2406788961,7042869,NETWORK,237,257.0000,281
829,a5827709b4429f6f,2624014112,7043389,NETWORK,239,257.1000,281
830,84553fa9dc752eae,2632686528,7041946,NETWORK,239,256.1000,279
831,7796160adc69ddd4,2415935597,7038879,NETWORK,238,257.1000,284
832,228e6260d622c213,2663963483,7037210,NETWORK,237,257.0000,279
833,234188d549c6da53,2645689721,7051296,NETWORK,237,255.1000,277
834,1ebb47248dbd9730,2667122207,7062508,NETWORK,232,254.3000,274
835,e6bdecda0bd2d2aa,2520075345,7051075,NETWORK,237,256.0000,277
836,9a408b460f0ae38e,2630919952,7042288,NETWORK,237,256.8000,275
837,980b9994987f33b4,2642813120,7037364,SHADOW,236,257.8000,282
838,7a7f51b64c06ac88,2442631578,7044445,SHADOW,240,257.3000,278
839,4d839e1b344fb536,2525837642,7041820,SHADOW,239,257.3000,277
840,216ed895bf30ae17,2459153813,7036835,NETWORK,239,257.6000,279
841,f81b690cdfcf7344,2356905932,7060129,NETWORK,234,255.2000,274
842,db6bdc76a5421d1a,2486020827,7050489,NETWORK,239,255.9000,277
843,b075c0c440db2099,2491281770,7046153,NETWORK,237,257.1000,281
844,fc803c8304eeefee,2486183995,7043148,NETWORK,233,256.4000,277
845,9ccb3f1d9f19e35d,2542539660,7049235,NETWORK,238,255.9000,274
846,53bcf18fd3115427,2529563750,7040096,SHADOW,238,256.9000,280
847,2c0bb91e420ca406,2490908866,7052883,NETWORK,235,255.9000,275
848,d5d5e12547a6a1a2,2516878347,7044965,NETWORK,238,256.9000,280
849,f87c6d43bbddc4e3,2481405368,7046431,NETWORK,235,256.3000,281
850,77afba379792bc05,2610125967,7072430,NETWORK,237,254.8000,275
851,74449885468fe24,2732557900,7042852,NETWORK,237,255.9000,281
852,cea3a5a16fffe0a,2536864620,7044796,SHADOW,232,257.6000,282
853,769027df0dd4cf12,2564648224,7048940,SHADOW,237,255.8000,273
854,1bf8186c74904441,2564714133,7050263,NETWORK,235,254.6000,273
855,69f238748b436f4,2556309681,7036568,SHADOW,241,257.7000,283
856,47bfe8ea52fc1945,2589396654,7044973,NETWORK,238,256.7000,282
857,8193be08588c07c5,2628060501,7043284,SHADOW,236,255.9000,280
858,984bf8c1709404db,2504519944,7045394,SHADOW,239,255.6000,275
859,8b552b07b4fe9d32,2619430045,7045314,NETWORK,237,257.0000,279
860,53e93461ef2c665c,2520782591,7067510,NETWORK,234,254.3000,276
861,a5bb729adcc9e7a7,2655322888,7037808,SHADOW,236,257.1000,280
862,7a26bccf87b88ace,2498415081,7039289,SHADOW,233,255.8000,277
863,ef0579a71f3a001a,2522699007,7042210,NETWORK,236,257.0000,276
864,faa9b1017900ddce,2430985096,7051301,SHADOW,238,257.0000,275
865,4170ef71c297c3b2,2576058810,7054816,NETWORK,233,254.7000,277
866,4304d57d8c1160d,2422308767,7042852,NETWORK,236,256.6000,280
867,1345a86d666b336a,2493494344,7044188,SHADOW,239,256.7000,283
868,7cc17413c55559f3,2482865056,7044941,SHADOW,239,258.1000,275
869,a5345f4694dc121,2574516571,7048966,NETWORK,235,255.5000,279
870,a6ab79c3de29737e,2689110541,7043060,NETWORK,235,256.7000,281
871,1d476cc9c5c23aff,2559170863,7044175,NETWORK,236,255.9000,282
872,4edd7e2b4ef9fa3e,2724668078,7055265,SHADOW,238,256.0000,278
873,a367012aaa9044a2,2389331055,7045668,SHADOW,238,257.6000,280
874,27bdf3a3f319f48a,2687384381,7052897,NETWORK,235,255.3000,275
875,72c5b07bf86bc627,2581089660,7034921,NETWORK,236,257.1000,276
876,779d9d832d526103,2562798904,7049770,SHADOW,236,256.0000,278
877,7354e3e1feb359f,2431755539,7042722,SHADOW,237,256.0000,277
878,3b702db6735038c,2397046670,7047555,SHADOW,241,256.9000,283
879,b1916f136c51f0b5,2565240304,7060965,NETWORK,233,255.5000,271
880,589acdd18dae20cf,2578375259,7047131,SHADOW,236,255.3000,278
881,3aff4408b0be812f,2633790866,7048347,NETWORK,239,257.2000,276
882,1d61ccd004aa2334,2633593925,7042300,NETWORK,240,257.1000,278
883,fdb6d6a2f132a964,2534384430,7045269,SHADOW,235,257.2000,277
884,4a9bbfb8763e69ca,2486565181,7060364,SHADOW,234,256.5000,280
885,a454ee4f6cc1edd8,2479295629,7043576,NETWORK,236,257.6000,278
886,a3c9e9c292e61812,2684952397,7050444,NETWORK,238,257.1000,282
887,96c4a808c2aeb295,2529049818,7047290,NETWORK,235,255.0000,273
888,b341b62109203dd7,2597154213,7048102,NETWORK,233,256.1000,275
889,622b87194b27e750,2554187615,7065656,NETWORK,233,255.9000,273
890,22d01476bf204982,2477941610,7040789,SHADOW,237,258.1000,279
891,5febaf4f04f4d9e7,2549438671,7038443,SHADOW,238,256.3000,278
892,9f2b9142ef7ca795,2534937289,7046373,NETWORK,236,255.4000,274
893,9d6ec7019c8c0500,2498944059,7048904,SHADOW,238,256.0000,272
894,a7cccf7291d32ecb,2448174295,7043972,NETWORK,234,257.0000,280
895,28ee0a4a7acaa947,2562208261,7057194,NETWORK,235,254.8000,269
896,43ebf7f78d395e24,2555291802,7055664,NETWORK,232,255.4000,272
897,f6aeae268af9c322,2574603719,7060319,SHADOW,232,254.5000,272
898,e1007ad51bec3d8f,2609300950,7048389,NETWORK,237,256.7000,285
899,f9446c835486de80,2458815478,7046042,NETWORK,236,256.6000,280
900,22666d13e6753ede,2416259062,7070460,NETWORK,235,255.3000,273
901,e29025fd931fcc2a,2445242331,7042124,NETWORK,235,256.0000,277
902,e50f70996b98a533,2425244257,7045042,NETWORK,237,255.4000,275
903,693677b412b080e,2428329675,7041283,SHADOW,235,256.9000,281
904,f384d30107109be4,2399270108,7056681,NETWORK,233,254.6000,275
905,40b34506ddf95b1a,2570406298,7043650,SHADOW,237,256.0000,281
906,46ae05981e47f0e0,2627926455,7042518,NETWORK,234,256.5000,280
907,7019099e4f953977,2461846205,7044742,NETWORK,235,256.6000,279
908,7d6937bb663c22df,2456043663,7044781,SHADOW,242,257.7000,280
909,6bc3fd7078469226,2603588634,7042606,SHADOW,236,257.5000,284
910,271c7f885b436321,2541424653,7048055,SHADOW,238,254.7000,274
911,30ea77f9a0da215e,2525506236,7050307,SHADOW,241,257.3000,281
912,d06a349fdf241304,2637602710,7041442,SHADOW,238,257.6000,282
913,78c4b3eb15647a6d,2508225629,7039230,SHADOW,237,255.6000,281
914,6c2d4b9ed4bc0284,2528127976,7047939,NETWORK,240,257.8000,278
915,4e4fe7aef60cd43b,2464716348,7072887,NETWORK,232,254.5000,276
916,a8fe6c7f9edb4262,2563666451,7052215,SHADOW,237,255.5000,277
917,ee2e379d1264e951,2643417955,7040316,NETWORK,233,255.8000,279
918,8ea8232e8e687769,2530390863,7029249,SHADOW,241,256.3000,277
919,676d215ac01c036,2592644876,7045254,NETWORK,231,256.3000,277
920,75be67574b5e6bb6,2476351533,7047588,NETWORK,234,257.3000,278
921,2088a77ff5b5aec5,2443675881,7044294,NETWORK,236,256.8000,282
922,488e3ab021cee1b9,2519183854,7067544,NETWORK,234,255.5000,270
923,8fb612440e018b3c,2626321071,7053462,NETWORK,237,255.8000,279
924,87753b8a7d6c88a9,2588983955,7037705,NETWORK,235,256.4000,277
925,272b9074079316a0,2519022787,7046878,NETWORK,237,258.3000,279
926,a9b867e4af659f3e,2479659650,7047458,NETWORK,234,256.4000,276
927,ec2e3eb73c95320,2667619394,7059473,NETWORK,234,255.6000,272
928,11363e2bb98e5fcb,2555126721,7040715,NETWORK,236,255.8000,280
929,d49b0a7290c1cd65,2429880945,7042270,NETWORK,237,257.7000,279
930,e50e62c43b565624,2574837178,7051185,NETWORK,233,255.2000,273
931,62cc40fa07121876,2406407249,7060010,NETWORK,234,254.7000,278
932,15ff3689e2e7ceb1,2476406267,7043093,SHADOW,237,258.2000,279
933,b44df3a3a928ad14,2594717083,7044435,NETWORK,233,255.8000,279
934,d0c8f5adf9934280,2501821917,7060501,SHADOW,236,255.2000,274
935,c16583bc7d3123b4,2638165374,7053037,NETWORK,233,256.1000,273
936,5ddd3e5fc6daa878,2505756659,7054108,NETWORK,236,255.4000,280
937,8d9e6e295324d578,2595635077,7036241,SHADOW,237,255.5000,279
938,e9ee239e27b1aa15,2665778116,7044918,NETWORK,235,257.1000,277
939,28b0d9f7b0169366,2473241357,7039057,SHADOW,238,257.7000,282
940,4b9ac41c982bd375,2370692591,7039715,NETWORK,235,257.8000,277
941,c38763ee8781f1d8,2373668657,7045730,NETWORK,238,256.4000,276
942,3ac446dec394e9ba,2432488152,7036984,NETWORK,237,256.6000,281
943,58588a7f0c1449e7,2597707816,7037711,SHADOW,236,257.4000,280
944,3ec620e905c684b7,2546097032,7040113,SHADOW,236,257.5000,278
945,5b80bed886e86c41,2619244479,7039354,SHADOW,240,256.9000,278
946,202c41f29c2afd84,2505840902,7036930,SHADOW,237,256.3000,279
947,fca20928f1ddb987,2359023724,7043077,NETWORK,236,256.8000,282
948,e2e9d2a44efdca43,2453777472,7042510,NETWORK,235,256.5000,277
949,82ef70af8b24c56a,2594544927,7045498,NETWORK,236,256.2000,276
950,b3726ce670dd041,2533559709,7039035,SHADOW,235,256.6000,279
951,e32818a501c237d,2695778444,7042011,SHADOW,240,257.1000,284
952,248779852e601c7e,2550430157,7047415,NETWORK,236,255.8000,280
953,dde31bb20cddf401,2551548812,7041707,NETWORK,234,255.8000,275
954,418181447f35b685,2483685955,7048751,NETWORK,240,256.0000,276
955,ce539734be594bf1,2466000944,7040055,NETWORK,236,256.9000,280
956,52c7b2d99a6b47f1,2502074262,7047538,NETWORK,235,256.3000,283
957,b78e3ce6f3c3fbc3,2639013234,7054924,NETWORK,238,257.1000,280
958,883a1f190cc5cb14,2602426606,7044194,SHADOW,238,256.7000,282
959,eee14b775d94badf,2631054693,7042193,SHADOW,235,255.7000,279
960,769ce0c358ec72d4,2699886082,7038310,NETWORK,232,256.4000,280
961,1ee1fc91351938bd,2566495875,7047693,NETWORK,235,257.6000,279
962,ddd615756fc2789a,2680670228,7042768,NETWORK,233,256.7000,281
963,6aa28481fb7fb4ce,2546019402,7043812,SHADOW,235,257.5000,281
964,49719cf13e253525,2495859877,7046510,NETWORK,234,256.4000,284
965,697450c36be53d82,2639943872,7050952,NETWORK,234,254.4000,276
966,91fa20d0536c527d,2596935643,7053030,SHADOW,236,255.6000,276
967,b7e92a5a1cdd2d4d,2588502564,7037873,NETWORK,236,256.2000,280
968,1d03b1f588eb5469,2532832642,7046493,NETWORK,238,256.9000,282
969,843170a9d211c7e8,2612548727,7056117,SHADOW,236,255.3000,274
970,e9fb5c940bc07d85,2459743065,7037395,NETWORK,235,257.4000,281
971,8fb0c575112696a5,2635933754,7041587,NETWORK,237,257.9000,277
972,b44d0efbdfc39005,2532385808,7055240,NETWORK,236,254.3000,278
973,4a6ff586dc92fea6,2578553047,7038519,NETWORK,236,256.8000,282
974,f7e37b850df26eb7,2593161227,7066140,NETWORK,235,253.9000,271
975,e50e31c0435d2cb7,2532054647,7032343,NETWORK,237,256.0000,279
976,9e4e067b32740f65,2600288817,7048034,NETWORK,235,255.5000,279
977,c819224826a48651,2513917653,7044056,SHADOW,236,258.2000,280
978,efbbaf07b90ad589,2632023050,7046042,NETWORK,238,257.5000,282
979,58775a74a9426d06,2577535561,7039628,NETWORK,234,256.8000,278
980,6e009b04c3c3853f,2609078819,7044848,NETWORK,236,256.6000,280
981,ed07a3cb4b85788e,2459660798,7055803,SHADOW,235,255.5000,277
982,7ff809bdd0556f96,2478406605,7044099,SHADOW,235,256.6000,277
983,991c303a209b994c,2549777258,7037622,NETWORK,237,257.1000,281
984,857eca5e9ad4eb04,2627635276,7048940,NETWORK,238,257.0000,280
985,6996379edafe8190,2584460554,7048897,NETWORK,238,257.3000,282
986,481b0daa23a84ae,2478924896,7054473,NETWORK,235,255.8000,274
987,7cb89f38876421e4,2502142880,7049333,NETWORK,238,255.9000,276
988,6cb566e71e277686,2585909739,7040820,SHADOW,241,256.1000,277
989,706633a4fa760275,2495787504,7070924,SHADOW,234,255.3000,274
990,a06d958817b05469,2697176175,7043603,SHADOW,237,256.8000,283
991,22727944bcdabc9e,2506025285,7051824,NETWORK,235,256.0000,275
992,8c76e61cbf9c6375,2358910365,7046265,NETWORK,236,255.7000,280
993,6a82733bce103dd3,2526126887,7058920,NETWORK,234,254.9000,272
994,5221f21d96b79a1,2592114209,7049945,SHADOW,237,256.8000,281
995,3ec1ed7e66feeecd,2332141571,7048116,NETWORK,232,256.9000,278
996,7988e7c6e5a1eed,2669875803,7044808,SHADOW,236,255.0000,278
997,435f1b35ba641ff4,2562939382,7059102,NETWORK,237,255.0000,275
998,12b8c394396de40e,2677959767,7045631,NETWORK,239,257.4000,279
999,e93f8df845cbd31e,2534426762,7044605,NETWORK,236,256.8000,280
