iter,T,value,min_pair,best_value,best_min_pair,accepted
0,8.0000,837,17,837,17,1
1,7.9797,837,17,837,17,0
2,7.9595,888,20,888,20,1
3,7.9393,888,20,888,20,1
4,7.9192,881,20,888,20,1
5,7.8991,886,20,888,20,1
6,7.8791,886,20,888,20,1
7,7.8591,886,20,888,20,1
8,7.8392,886,20,888,20,0
9,7.8194,913,20,913,20,1
10,7.7995,913,20,913,20,1
11,7.7798,913,20,913,20,0
12,7.7601,913,20,913,20,0
13,7.7404,913,20,913,20,0
14,7.7208,913,20,913,20,0
15,7.7012,916,20,916,20,1
16,7.6817,916,20,916,20,0
17,7.6622,924,26,924,26,1
18,7.6428,924,26,924,26,0
19,7.6234,924,26,924,26,1
20,7.6041,924,26,924,26,0
21,7.5848,924,26,924,26,0
22,7.5656,924,26,924,26,0
23,7.5464,924,26,924,26,0
24,7.5273,897,23,924,26,1
25,7.5082,899,22,924,26,1
26,7.4892,927,24,927,24,1
27,7.4702,927,24,927,24,0
28,7.4513,947,26,947,26,1
29,7.4324,947,26,947,26,0
30,7.4136,947,26,947,26,0
31,7.3948,947,26,947,26,0
32,7.3761,947,26,947,26,1
33,7.3574,947,26,947,26,0
34,7.3387,947,26,947,26,0
35,7.3201,947,26,947,26,0
36,7.3016,947,26,947,26,0
37,7.2831,947,26,947,26,1
38,7.2646,947,26,947,26,0
39,7.2462,947,26,947,26,0
40,7.2278,947,26,947,26,1
41,7.2095,947,26,947,26,0
42,7.1912,940,26,947,26,1
43,7.1730,956,26,956,26,1
44,7.1548,956,26,956,26,0
45,7.1367,956,26,956,26,0
46,7.1186,956,26,956,26,0
47,7.1006,956,26,956,26,0
48,7.0826,956,26,956,26,0
49,7.0646,959,27,959,27,1
50,7.0467,959,27,959,27,0
51,7.0289,959,27,959,27,0
52,7.0110,959,27,959,27,0
53,6.9933,959,27,959,27,1
54,6.9756,959,27,959,27,0
55,6.9579,959,27,959,27,0
56,6.9402,959,27,959,27,0
57,6.9227,959,27,959,27,0
58,6.9051,959,27,959,27,0
59,6.8876,959,27,959,27,1
60,6.8702,959,27,959,27,0
61,6.8527,959,27,959,27,1
62,6.8354,959,27,959,27,0
63,6.8181,940,26,959,27,1
64,6.8008,940,26,959,27,0
65,6.7835,940,26,959,27,0
66,6.7663,940,26,959,27,0
67,6.7492,932,26,959,27,1
68,6.7321,927,26,959,27,1
69,6.7150,927,26,959,27,0
70,6.6980,927,26,959,27,0
71,6.6810,927,26,959,27,0
72,6.6641,927,26,959,27,0
73,6.6472,927,26,959,27,0
74,6.6304,917,25,959,27,1
75,6.6136,907,25,959,27,1
76,6.5968,907,25,959,27,0
77,6.5801,907,25,959,27,0
78,6.5634,907,25,959,27,1
79,6.5468,907,25,959,27,0
80,6.5302,907,25,959,27,1
81,6.5136,907,25,959,27,0
82,6.4971,907,25,959,27,0
83,6.4807,900,25,959,27,1
84,6.4642,900,25,959,27,0
85,6.4478,900,25,959,27,0
86,6.4315,909,25,959,27,1
87,6.4152,911,24,959,27,1
88,6.3989,911,24,959,27,0
89,6.3827,928,25,959,27,1
90,6.3666,928,25,959,27,0
91,6.3504,928,25,959,27,0
92,6.3343,928,25,959,27,0
93,6.3183,928,25,959,27,0
94,6.3023,928,25,959,27,0
95,6.2863,928,25,959,27,0
96,6.2704,918,25,959,27,1
97,6.2545,918,25,959,27,0
98,6.2386,918,25,959,27,1
99,6.2228,934,25,959,27,1
100,6.2070,934,25,959,27,0
101,6.1913,934,25,959,27,1
102,6.1756,934,25,959,27,0
103,6.1600,928,23,959,27,1
104,6.1443,928,23,959,27,1
105,6.1288,928,23,959,27,0
106,6.1132,933,25,959,27,1
107,6.0977,933,25,959,27,0
108,6.0823,944,25,959,27,1
109,6.0669,944,25,959,27,1
110,6.0515,931,27,959,27,1
111,6.0362,931,27,959,27,0
112,6.0209,931,27,959,27,0
113,6.0056,931,27,959,27,0
114,5.9904,931,27,959,27,0
115,5.9752,939,28,959,27,1
116,5.9601,933,26,959,27,1
117,5.9450,933,26,959,27,0
118,5.9299,939,26,959,27,1
119,5.9149,940,26,959,27,1
120,5.8999,940,26,959,27,1
121,5.8849,940,26,959,27,0
122,5.8700,940,26,959,27,0
123,5.8551,940,26,959,27,0
124,5.8403,940,26,959,27,0
125,5.8255,940,26,959,27,1
126,5.8107,940,26,959,27,0
127,5.7960,940,26,959,27,0
128,5.7813,940,26,959,27,1
129,5.7667,940,26,959,27,0
130,5.7520,940,27,959,27,1
131,5.7375,940,27,959,27,1
132,5.7229,941,27,959,27,1
133,5.7084,935,24,959,27,1
134,5.6940,935,24,959,27,1
135,5.6795,935,24,959,27,0
136,5.6651,935,24,959,27,1
137,5.6508,935,24,959,27,0
138,5.6365,935,24,959,27,0
139,5.6222,935,24,959,27,1
140,5.6079,935,24,959,27,0
141,5.5937,939,27,959,27,1
142,5.5795,941,27,959,27,1
143,5.5654,931,26,959,27,1
144,5.5513,928,21,959,27,1
145,5.5372,929,21,959,27,1
146,5.5232,929,21,959,27,0
147,5.5092,929,21,959,27,0
148,5.4952,929,21,959,27,0
149,5.4813,929,21,959,27,0
150,5.4674,907,23,959,27,1
151,5.4535,907,23,959,27,1
152,5.4397,919,26,959,27,1
153,5.4259,919,26,959,27,1
154,5.4122,919,26,959,27,0
155,5.3985,919,26,959,27,0
156,5.3848,919,26,959,27,0
157,5.3711,919,26,959,27,0
158,5.3575,929,27,959,27,1
159,5.3440,929,27,959,27,0
160,5.3304,929,27,959,27,0
161,5.3169,933,27,959,27,1
162,5.3034,939,27,959,27,1
163,5.2900,939,27,959,27,0
164,5.2766,939,27,959,27,0
165,5.2632,939,27,959,27,0
166,5.2499,939,27,959,27,0
167,5.2366,939,27,959,27,0
168,5.2233,939,27,959,27,0
169,5.2100,939,27,959,27,1
170,5.1968,939,27,959,27,0
171,5.1837,939,27,959,27,1
172,5.1705,939,27,959,27,0
173,5.1574,939,27,959,27,0
174,5.1444,939,27,959,27,1
175,5.1313,925,25,959,27,1
176,5.1183,925,25,959,27,1
177,5.1053,925,25,959,27,0
178,5.0924,925,27,959,27,1
179,5.0795,928,26,959,27,1
180,5.0666,928,26,959,27,0
181,5.0538,937,26,959,27,1
182,5.0410,937,26,959,27,1
183,5.0282,937,26,959,27,0
184,5.0155,937,26,959,27,0
185,5.0028,959,27,959,27,1
186,4.9901,959,27,959,27,0
187,4.9774,959,27,959,27,0
188,4.9648,959,27,959,27,0
189,4.9522,959,27,959,27,0
190,4.9397,959,27,959,27,0
191,4.9272,949,24,959,27,1
192,4.9147,949,24,959,27,1
193,4.9022,949,24,959,27,0
194,4.8898,949,24,959,27,0
195,4.8774,949,24,959,27,0
196,4.8650,949,24,959,27,1
197,4.8527,949,24,959,27,0
198,4.8404,949,24,959,27,1
199,4.8281,949,24,959,27,0
200,4.8159,949,24,959,27,0
201,4.8037,946,24,959,27,1
202,4.7915,936,23,959,27,1
203,4.7794,936,23,959,27,1
204,4.7673,936,23,959,27,1
205,4.7552,936,23,959,27,0
206,4.7431,938,24,959,27,1
207,4.7311,938,24,959,27,0
208,4.7191,938,24,959,27,0
209,4.7072,938,24,959,27,0
210,4.6952,938,24,959,27,0
211,4.6833,939,25,959,27,1
212,4.6715,939,25,959,27,0
213,4.6596,939,25,959,27,0
214,4.6478,939,25,959,27,0
215,4.6360,939,25,959,27,0
216,4.6243,939,25,959,27,0
217,4.6126,939,25,959,27,0
218,4.6009,939,25,959,27,0
219,4.5892,939,25,959,27,0
220,4.5776,939,25,959,27,0
221,4.5660,939,25,959,27,0
222,4.5544,939,25,959,27,0
223,4.5429,939,25,959,27,0
224,4.5314,939,25,959,27,1
225,4.5199,944,25,959,27,1
226,4.5084,944,25,959,27,0
227,4.4970,944,25,959,27,0
228,4.4856,944,25,959,27,1
229,4.4742,944,25,959,27,0
230,4.4629,944,25,959,27,0
231,4.4516,944,25,959,27,0
232,4.4403,944,25,959,27,1
233,4.4290,944,25,959,27,0
234,4.4178,944,25,959,27,0
235,4.4066,944,25,959,27,0
236,4.3955,946,25,959,27,1
237,4.3843,946,25,959,27,0
238,4.3732,946,25,959,27,0
239,4.3621,946,25,959,27,0
240,4.3511,946,25,959,27,1
241,4.3400,946,25,959,27,0
242,4.3290,946,25,959,27,0
243,4.3181,946,25,959,27,0
244,4.3071,946,25,959,27,0
245,4.2962,946,25,959,27,0
246,4.2853,946,25,959,27,1
247,4.2745,946,25,959,27,0
248,4.2636,946,25,959,27,0
249,4.2528,946,25,959,27,0
250,4.2420,946,25,959,27,0
251,4.2313,946,25,959,27,0
252,4.2206,946,25,959,27,0
253,4.2099,946,25,959,27,0
254,4.1992,954,25,959,27,1
255,4.1886,953,25,959,27,1
256,4.1779,953,25,959,27,0
257,4.1674,953,25,959,27,0
258,4.1568,953,25,959,27,0
259,4.1463,953,25,959,27,0
260,4.1358,953,25,959,27,0
261,4.1253,953,25,959,27,0
262,4.1148,953,25,959,27,1
263,4.1044,953,25,959,27,0
264,4.0940,953,25,959,27,0
265,4.0836,953,25,959,27,0
266,4.0733,953,25,959,27,0
267,4.0629,953,25,959,27,0
268,4.0526,953,25,959,27,0
269,4.0424,953,25,959,27,1
270,4.0321,953,25,959,27,0
271,4.0219,953,25,959,27,0
272,4.0117,953,25,959,27,0
273,4.0015,953,25,959,27,0
274,3.9914,953,25,959,27,0
275,3.9813,953,25,959,27,0
276,3.9712,953,25,959,27,1
277,3.9611,953,25,959,27,0
278,3.9511,953,25,959,27,0
279,3.9411,953,25,959,27,0
280,3.9311,953,25,959,27,0
281,3.9211,953,25,959,27,1
282,3.9112,953,25,959,27,0
283,3.9013,953,25,959,27,0
284,3.8914,953,25,959,27,0
285,3.8815,953,25,959,27,1
286,3.8717,953,25,959,27,0
287,3.8619,953,25,959,27,0
288,3.8521,953,25,959,27,0
289,3.8423,953,25,959,27,0
290,3.8326,952,27,959,27,1
291,3.8229,952,27,959,27,0
292,3.8132,952,27,959,27,0
293,3.8035,952,27,959,27,0
294,3.7939,952,27,959,27,0
295,3.7843,952,27,959,27,0
296,3.7747,952,27,959,27,0
297,3.7651,952,27,959,27,0
298,3.7556,952,27,959,27,0
299,3.7461,952,27,959,27,0
300,3.7366,952,27,959,27,0
301,3.7271,952,27,959,27,0
302,3.7176,952,27,959,27,0
303,3.7082,952,27,959,27,0
304,3.6988,952,27,959,27,0
305,3.6895,952,27,959,27,1
306,3.6801,952,27,959,27,0
307,3.6708,952,27,959,27,1
308,3.6615,952,27,959,27,1
309,3.6522,952,27,959,27,0
310,3.6429,952,27,959,27,0
311,3.6337,951,29,959,27,1
312,3.6245,951,29,959,27,0
313,3.6153,951,29,959,27,0
314,3.6061,951,29,959,27,1
315,3.5970,951,29,959,27,0
316,3.5879,951,29,959,27,0
317,3.5788,951,29,959,27,0
318,3.5697,951,29,959,27,0
319,3.5607,951,29,959,27,0
320,3.5517,951,29,959,27,1
321,3.5427,951,29,959,27,0
322,3.5337,951,29,959,27,0
323,3.5247,951,29,959,27,0
324,3.5158,951,29,959,27,0
325,3.5069,951,29,959,27,1
326,3.4980,951,29,959,27,0
327,3.4891,951,29,959,27,0
328,3.4803,951,29,959,27,0
329,3.4715,959,28,959,27,1
330,3.4627,959,28,959,27,0
331,3.4539,959,28,959,27,1
332,3.4451,959,28,959,27,0
333,3.4364,959,28,959,27,0
334,3.4277,959,28,959,27,0
335,3.4190,959,28,959,27,1
336,3.4103,959,28,959,27,0
337,3.4017,959,28,959,27,0
338,3.3931,959,28,959,27,0
339,3.3845,959,28,959,27,0
340,3.3759,959,28,959,27,0
341,3.3673,959,28,959,27,1
342,3.3588,959,28,959,27,1
343,3.3503,959,28,959,27,0
344,3.3418,959,28,959,27,0
345,3.3333,959,28,959,27,0
346,3.3249,959,28,959,27,0
347,3.3165,959,28,959,27,0
348,3.3081,959,28,959,27,0
349,3.2997,959,28,959,27,0
350,3.2913,959,28,959,27,0
351,3.2830,959,28,959,27,0
352,3.2746,959,28,959,27,0
353,3.2664,959,28,959,27,0
354,3.2581,959,28,959,27,0
355,3.2498,959,28,959,27,1
356,3.2416,964,27,964,27,1
357,3.2334,964,27,964,27,0
358,3.2252,964,27,964,27,0
359,3.2170,963,27,964,27,1
360,3.2088,963,27,964,27,0
361,3.2007,963,27,964,27,0
362,3.1926,963,27,964,27,0
363,3.1845,966,27,966,27,1
364,3.1764,966,27,966,27,0
365,3.1684,966,27,966,27,0
366,3.1604,966,27,966,27,0
367,3.1523,966,27,966,27,0
368,3.1444,966,27,966,27,0
369,3.1364,966,27,966,27,0
370,3.1284,966,27,966,27,0
371,3.1205,966,27,966,27,0
372,3.1126,966,27,966,27,1
373,3.1047,966,27,966,27,1
374,3.0968,966,27,966,27,0
375,3.0890,966,27,966,27,0
376,3.0812,966,27,966,27,0
377,3.0734,966,27,966,27,0
378,3.0656,966,27,966,27,0
379,3.0578,966,27,966,27,0
380,3.0501,966,27,966,27,0
381,3.0423,966,27,966,27,0
382,3.0346,966,27,966,27,0
383,3.0269,966,27,966,27,1
384,3.0192,966,27,966,27,0
385,3.0116,966,27,966,27,1
386,3.0040,966,27,966,27,0
387,2.9964,966,27,966,27,1
388,2.9888,966,27,966,27,0
389,2.9812,966,27,966,27,0
390,2.9736,966,27,966,27,0
391,2.9661,966,27,966,27,0
392,2.9586,966,27,966,27,1
393,2.9511,966,27,966,27,0
394,2.9436,966,27,966,27,0
395,2.9361,966,27,966,27,0
396,2.9287,966,27,966,27,0
397,2.9213,966,27,966,27,0
398,2.9139,966,27,966,27,0
399,2.9065,966,27,966,27,0
400,2.8991,966,27,966,27,0
401,2.8918,966,27,966,27,0
402,2.8844,966,27,966,27,0
403,2.8771,966,27,966,27,0
404,2.8698,966,27,966,27,1
405,2.8626,966,27,966,27,0
406,2.8553,966,27,966,27,0
407,2.8481,966,27,966,27,0
408,2.8409,966,27,966,27,0
409,2.8337,966,27,966,27,0
410,2.8265,966,27,966,27,0
411,2.8193,966,27,966,27,0
412,2.8122,966,27,966,27,0
413,2.8050,966,27,966,27,0
414,2.7979,966,27,966,27,1
415,2.7908,966,27,966,27,0
416,2.7838,966,27,966,27,0
417,2.7767,966,27,966,27,0
418,2.7697,966,27,966,27,0
419,2.7627,966,27,966,27,0
420,2.7557,966,27,966,27,1
421,2.7487,966,27,966,27,0
422,2.7417,966,27,966,27,0
423,2.7348,966,27,966,27,0
424,2.7278,966,27,966,27,0
425,2.7209,966,27,966,27,0
426,2.7140,966,27,966,27,0
427,2.7071,966,27,966,27,1
428,2.7003,966,27,966,27,1
429,2.6934,966,27,966,27,0
430,2.6866,966,27,966,27,0
431,2.6798,966,27,966,27,0
432,2.6730,966,27,966,27,0
433,2.6662,966,27,966,27,0
434,2.6595,966,27,966,27,0
435,2.6527,966,27,966,27,1
436,2.6460,968,28,968,28,1
437,2.6393,968,28,968,28,0
438,2.6326,968,28,968,28,1
439,2.6259,968,28,968,28,0
440,2.6193,968,28,968,28,0
441,2.6127,968,28,968,28,0
442,2.6060,968,28,968,28,0
443,2.5994,968,28,968,28,0
444,2.5928,968,28,968,28,0
445,2.5863,968,28,968,28,0
446,2.5797,968,28,968,28,1
447,2.5732,968,28,968,28,0
448,2.5667,968,28,968,28,0
449,2.5601,968,28,968,28,0
450,2.5537,968,28,968,28,0
451,2.5472,968,28,968,28,0
452,2.5407,968,28,968,28,1
453,2.5343,968,28,968,28,0
454,2.5279,968,28,968,28,0
455,2.5215,968,28,968,28,0
456,2.5151,968,28,968,28,0
457,2.5087,968,28,968,28,0
458,2.5023,968,28,968,28,0
459,2.4960,968,28,968,28,0
460,2.4897,968,28,968,28,0
461,2.4834,968,28,968,28,0
462,2.4771,968,28,968,28,0
463,2.4708,968,28,968,28,0
464,2.4645,968,28,968,28,0
465,2.4583,968,28,968,28,1
466,2.4521,968,28,968,28,0
467,2.4458,968,28,968,28,1
468,2.4396,968,28,968,28,0
469,2.4335,968,28,968,28,0
470,2.4273,968,28,968,28,0
471,2.4211,968,28,968,28,0
472,2.4150,968,28,968,28,0
473,2.4089,968,28,968,28,0
474,2.4028,968,28,968,28,0
475,2.3967,968,28,968,28,0
476,2.3906,968,28,968,28,0
477,2.3846,968,28,968,28,0
478,2.3785,968,28,968,28,0
479,2.3725,968,28,968,28,0
480,2.3665,968,28,968,28,1
481,2.3605,968,28,968,28,1
482,2.3545,968,28,968,28,0
483,2.3485,968,28,968,28,0
484,2.3426,968,28,968,28,0
485,2.3366,968,28,968,28,0
486,2.3307,968,28,968,28,1
487,2.3248,968,28,968,28,0
488,2.3189,968,28,968,28,0
489,2.3130,968,28,968,28,0
490,2.3072,968,28,968,28,1
491,2.3013,968,28,968,28,0
492,2.2955,968,28,968,28,0
493,2.2897,968,28,968,28,0
494,2.2839,968,28,968,28,0
495,2.2781,968,28,968,28,0
496,2.2723,968,28,968,28,0
497,2.2666,968,28,968,28,0
498,2.2608,968,28,968,28,0
499,2.2551,968,28,968,28,0
500,2.2494,968,28,968,28,0
501,2.2437,968,28,968,28,0
502,2.2380,968,28,968,28,0
503,2.2323,968,28,968,28,0
504,2.2266,968,28,968,28,0
505,2.2210,968,28,968,28,1
506,2.2154,968,28,968,28,1
507,2.2098,968,28,968,28,0
508,2.2042,968,28,968,28,0
509,2.1986,968,28,968,28,0
510,2.1930,968,28,968,28,0
511,2.1874,968,28,968,28,0
512,2.1819,968,28,968,28,0
513,2.1764,968,28,968,28,0
514,2.1709,968,28,968,28,0
515,2.1654,968,28,968,28,1
516,2.1599,968,28,968,28,0
517,2.1544,968,28,968,28,0
518,2.1489,968,28,968,28,0
519,2.1435,968,28,968,28,0
520,2.1381,968,28,968,28,1
521,2.1326,968,28,968,28,0
522,2.1272,968,28,968,28,0
523,2.1218,968,28,968,28,0
524,2.1165,968,28,968,28,0
525,2.1111,968,28,968,28,0
526,2.1057,968,28,968,28,0
527,2.1004,968,28,968,28,0
528,2.0951,968,28,968,28,0
529,2.0898,968,28,968,28,0
530,2.0845,968,28,968,28,0
531,2.0792,968,28,968,28,0
532,2.0739,968,28,968,28,0
533,2.0687,968,28,968,28,0
534,2.0634,968,28,968,28,0
535,2.0582,968,28,968,28,0
536,2.0530,968,28,968,28,0
537,2.0478,968,28,968,28,1
538,2.0426,968,28,968,28,0
539,2.0374,968,28,968,28,0
540,2.0323,968,28,968,28,0
541,2.0271,968,28,968,28,0
542,2.0220,968,28,968,28,0
543,2.0168,968,28,968,28,0
544,2.0117,968,28,968,28,0
545,2.0066,968,28,968,28,0
546,2.0015,968,28,968,28,0
547,1.9965,968,28,968,28,0
548,1.9914,968,28,968,28,0
549,1.9864,968,28,968,28,1
550,1.9813,968,28,968,28,1
551,1.9763,968,28,968,28,0
552,1.9713,968,28,968,28,0
553,1.9663,968,28,968,28,0
554,1.9613,968,28,968,28,1
555,1.9564,968,28,968,28,1
556,1.9514,968,28,968,28,1
557,1.9464,968,28,968,28,0
558,1.9415,968,28,968,28,0
559,1.9366,968,28,968,28,0
560,1.9317,968,28,968,28,0
561,1.9268,968,28,968,28,1
562,1.9219,968,28,968,28,0
563,1.9170,968,28,968,28,1
564,1.9122,968,28,968,28,0
565,1.9073,968,28,968,28,0
566,1.9025,968,28,968,28,0
567,1.8977,965,28,968,28,1
568,1.8929,965,28,968,28,0
569,1.8881,965,28,968,28,1
570,1.8833,965,28,968,28,0
571,1.8785,965,28,968,28,1
572,1.8738,965,28,968,28,0
573,1.8690,965,28,968,28,0
574,1.8643,965,28,968,28,0
575,1.8595,965,28,968,28,0
576,1.8548,965,28,968,28,0
577,1.8501,965,28,968,28,0
578,1.8454,965,28,968,28,0
579,1.8408,965,28,968,28,0
580,1.8361,965,28,968,28,0
581,1.8314,965,28,968,28,1
582,1.8268,965,28,968,28,0
583,1.8222,965,28,968,28,0
584,1.8176,965,28,968,28,0
585,1.8129,965,28,968,28,0
586,1.8084,965,28,968,28,0
587,1.8038,965,28,968,28,1
588,1.7992,965,28,968,28,0
589,1.7946,965,28,968,28,0
590,1.7901,965,28,968,28,0
591,1.7856,965,28,968,28,0
592,1.7810,965,28,968,28,0
593,1.7765,965,28,968,28,0
594,1.7720,965,28,968,28,0
595,1.7675,965,28,968,28,0
596,1.7630,965,28,968,28,0
597,1.7586,965,28,968,28,0
598,1.7541,965,28,968,28,0
599,1.7497,965,28,968,28,1
600,1.7452,965,28,968,28,1
601,1.7408,965,28,968,28,1
602,1.7364,965,28,968,28,0
603,1.7320,965,28,968,28,0
604,1.7276,965,28,968,28,0
605,1.7232,965,28,968,28,0
606,1.7189,965,28,968,28,0
607,1.7145,965,28,968,28,1
608,1.7102,965,28,968,28,1
609,1.7058,965,28,968,28,0
610,1.7015,965,28,968,28,1
611,1.6972,965,28,968,28,0
612,1.6929,965,28,968,28,0
613,1.6886,965,28,968,28,0
614,1.6843,965,28,968,28,1
615,1.6801,965,28,968,28,1
616,1.6758,965,28,968,28,0
617,1.6715,965,28,968,28,0
618,1.6673,965,28,968,28,1
619,1.6631,965,28,968,28,0
620,1.6589,965,28,968,28,0
621,1.6547,965,28,968,28,0
622,1.6505,965,28,968,28,0
623,1.6463,965,28,968,28,0
624,1.6421,965,28,968,28,0
625,1.6380,965,28,968,28,1
626,1.6338,965,28,968,28,0
627,1.6297,965,28,968,28,0
628,1.6255,965,28,968,28,0
629,1.6214,965,28,968,28,0
630,1.6173,965,28,968,28,0
631,1.6132,965,28,968,28,0
632,1.6091,965,28,968,28,0
633,1.6050,965,28,968,28,0
634,1.6010,965,28,968,28,0
635,1.5969,965,28,968,28,0
636,1.5929,965,28,968,28,0
637,1.5888,965,28,968,28,0
638,1.5848,965,28,968,28,0
639,1.5808,965,28,968,28,0
640,1.5768,965,28,968,28,0
641,1.5728,965,28,968,28,0
642,1.5688,965,28,968,28,0
643,1.5648,965,28,968,28,0
644,1.5609,965,28,968,28,1
645,1.5569,965,28,968,28,0
646,1.5530,965,28,968,28,0
647,1.5490,965,28,968,28,0
648,1.5451,965,28,968,28,0
649,1.5412,965,28,968,28,0
650,1.5373,965,28,968,28,0
651,1.5334,965,28,968,28,0
652,1.5295,965,28,968,28,0
653,1.5256,965,28,968,28,1
654,1.5217,965,28,968,28,0
655,1.5179,965,28,968,28,1
656,1.5140,965,28,968,28,0
657,1.5102,965,28,968,28,0
658,1.5064,965,28,968,28,0
659,1.5026,965,28,968,28,0
660,1.4988,965,28,968,28,0
661,1.4950,965,28,968,28,0
662,1.4912,965,28,968,28,0
663,1.4874,965,28,968,28,0
664,1.4836,965,28,968,28,0
665,1.4799,965,28,968,28,1
666,1.4761,965,28,968,28,0
667,1.4724,965,28,968,28,1
668,1.4686,965,28,968,28,0
669,1.4649,965,28,968,28,0
670,1.4612,965,28,968,28,0
671,1.4575,965,28,968,28,1
672,1.4538,965,28,968,28,0
673,1.4501,965,28,968,28,0
674,1.4464,965,28,968,28,0
675,1.4428,965,28,968,28,0
676,1.4391,965,28,968,28,0
677,1.4355,965,28,968,28,0
678,1.4318,965,28,968,28,1
679,1.4282,965,28,968,28,0
680,1.4246,965,28,968,28,1
681,1.4210,965,28,968,28,1
682,1.4174,965,28,968,28,0
683,1.4138,965,28,968,28,0
684,1.4102,965,28,968,28,0
685,1.4066,965,28,968,28,0
686,1.4031,965,28,968,28,0
687,1.3995,965,28,968,28,1
688,1.3960,965,28,968,28,0
689,1.3924,965,28,968,28,0
690,1.3889,965,28,968,28,0
691,1.3854,965,28,968,28,1
692,1.3819,965,28,968,28,0
693,1.3784,965,28,968,28,0
694,1.3749,965,28,968,28,0
695,1.3714,965,28,968,28,0
696,1.3679,965,28,968,28,0
697,1.3644,965,28,968,28,0
698,1.3610,965,28,968,28,0
699,1.3575,965,28,968,28,0
700,1.3541,965,28,968,28,0
701,1.3507,965,28,968,28,0
702,1.3472,965,28,968,28,0
703,1.3438,965,28,968,28,0
704,1.3404,965,28,968,28,0
705,1.3370,965,28,968,28,0
706,1.3336,965,28,968,28,0
707,1.3303,965,28,968,28,0
708,1.3269,965,28,968,28,0
709,1.3235,965,28,968,28,0
710,1.3202,965,28,968,28,1
711,1.3168,965,28,968,28,0
712,1.3135,965,28,968,28,0
713,1.3102,965,28,968,28,0
714,1.3068,965,28,968,28,0
715,1.3035,965,28,968,28,1
716,1.3002,965,28,968,28,0
717,1.2969,965,28,968,28,0
718,1.2936,965,28,968,28,0
719,1.2904,965,28,968,28,0
720,1.2871,965,28,968,28,0
721,1.2838,965,28,968,28,0
722,1.2806,965,28,968,28,0
723,1.2773,965,28,968,28,0
724,1.2741,965,28,968,28,0
725,1.2709,965,28,968,28,0
726,1.2676,965,28,968,28,0
727,1.2644,965,28,968,28,0
728,1.2612,965,28,968,28,0
729,1.2580,965,28,968,28,0
730,1.2548,965,28,968,28,1
731,1.2517,965,28,968,28,0
732,1.2485,965,28,968,28,0
733,1.2453,965,28,968,28,0
734,1.2422,965,28,968,28,0
735,1.2390,965,28,968,28,0
736,1.2359,965,28,968,28,0
737,1.2327,965,28,968,28,0
738,1.2296,965,28,968,28,1
739,1.2265,965,28,968,28,0
740,1.2234,965,28,968,28,0
741,1.2203,965,28,968,28,0
742,1.2172,965,28,968,28,0
743,1.2141,965,28,968,28,0
744,1.2110,965,28,968,28,0
745,1.2080,965,28,968,28,1
746,1.2049,965,28,968,28,0
747,1.2019,965,28,968,28,0
748,1.1988,965,28,968,28,0
749,1.1958,965,28,968,28,1
750,1.1927,965,28,968,28,0
751,1.1897,965,28,968,28,1
752,1.1867,965,28,968,28,0
753,1.1837,965,28,968,28,0
754,1.1807,965,28,968,28,0
755,1.1777,965,28,968,28,0
756,1.1747,965,28,968,28,0
757,1.1717,965,28,968,28,0
758,1.1688,965,28,968,28,0
759,1.1658,965,28,968,28,0
760,1.1629,965,28,968,28,0
761,1.1599,965,28,968,28,0
762,1.1570,965,28,968,28,0
763,1.1540,965,28,968,28,0
764,1.1511,965,28,968,28,0
765,1.1482,965,28,968,28,0
766,1.1453,965,28,968,28,0
767,1.1424,965,28,968,28,0
768,1.1395,965,28,968,28,0
769,1.1366,965,28,968,28,0
770,1.1337,965,28,968,28,1
771,1.1308,965,28,968,28,0
772,1.1280,965,28,968,28,0
773,1.1251,965,28,968,28,0
774,1.1223,965,28,968,28,0
775,1.1194,965,28,968,28,0
776,1.1166,965,28,968,28,0
777,1.1138,965,28,968,28,0
778,1.1109,965,28,968,28,0
779,1.1081,965,28,968,28,0
780,1.1053,965,28,968,28,0
781,1.1025,965,28,968,28,0
782,1.0997,965,28,968,28,0
783,1.0969,965,28,968,28,1
784,1.0941,965,28,968,28,1
785,1.0914,965,28,968,28,0
786,1.0886,965,28,968,28,1
787,1.0858,965,28,968,28,0
788,1.0831,965,28,968,28,1
789,1.0804,965,28,968,28,0
790,1.0776,965,28,968,28,0
791,1.0749,965,28,968,28,0
792,1.0722,965,28,968,28,0
793,1.0694,965,28,968,28,0
794,1.0667,965,28,968,28,0
795,1.0640,965,28,968,28,0
796,1.0613,965,28,968,28,0
797,1.0586,965,28,968,28,0
798,1.0560,965,28,968,28,0
799,1.0533,965,28,968,28,0
800,1.0506,965,28,968,28,0
801,1.0479,965,28,968,28,0
802,1.0453,965,28,968,28,0
803,1.0426,965,28,968,28,0
804,1.0400,965,28,968,28,0
805,1.0374,965,28,968,28,0
806,1.0347,965,28,968,28,0
807,1.0321,965,28,968,28,0
808,1.0295,965,28,968,28,0
809,1.0269,965,28,968,28,0
810,1.0243,965,28,968,28,1
811,1.0217,965,28,968,28,0
812,1.0191,965,28,968,28,0
813,1.0165,965,28,968,28,0
814,1.0139,965,28,968,28,0
815,1.0114,965,28,968,28,0
816,1.0088,965,28,968,28,0
817,1.0063,965,28,968,28,0
818,1.0037,965,28,968,28,0
819,1.0012,965,28,968,28,0
820,0.9986,965,28,968,28,0
821,0.9961,965,28,968,28,0
822,0.9936,965,28,968,28,0
823,0.9910,965,28,968,28,0
824,0.9885,965,28,968,28,0
825,0.9860,965,28,968,28,0
826,0.9835,965,28,968,28,1
827,0.9810,965,28,968,28,0
828,0.9786,965,28,968,28,1
829,0.9761,965,28,968,28,1
830,0.9736,965,28,968,28,0
831,0.9711,965,28,968,28,0
832,0.9687,965,28,968,28,0
833,0.9662,965,28,968,28,0
834,0.9638,965,28,968,28,0
835,0.9613,965,28,968,28,0
836,0.9589,965,28,968,28,0
837,0.9565,965,28,968,28,0
838,0.9540,965,28,968,28,1
839,0.9516,965,28,968,28,0
840,0.9492,965,28,968,28,0
841,0.9468,965,28,968,28,0
842,0.9444,965,28,968,28,0
843,0.9420,965,28,968,28,0
844,0.9396,965,28,968,28,0
845,0.9372,965,28,968,28,0
846,0.9349,965,28,968,28,0
847,0.9325,965,28,968,28,0
848,0.9301,965,28,968,28,0
849,0.9278,965,28,968,28,0
850,0.9254,965,28,968,28,1
851,0.9231,965,28,968,28,0
852,0.9207,965,28,968,28,0
853,0.9184,965,28,968,28,0
854,0.9161,965,28,968,28,0
855,0.9138,965,28,968,28,0
856,0.9114,965,28,968,28,0
857,0.9091,965,28,968,28,0
858,0.9068,965,28,968,28,0
859,0.9045,965,28,968,28,1
860,0.9022,965,28,968,28,0
861,0.8999,965,28,968,28,0
862,0.8977,965,28,968,28,0
863,0.8954,965,28,968,28,0
864,0.8931,965,28,968,28,0
865,0.8909,965,28,968,28,0
866,0.8886,965,28,968,28,1
867,0.8863,965,28,968,28,0
868,0.8841,965,28,968,28,0
869,0.8819,965,28,968,28,0
870,0.8796,965,28,968,28,0
871,0.8774,965,28,968,28,0
872,0.8752,965,28,968,28,0
873,0.8730,965,28,968,28,0
874,0.8707,965,28,968,28,0
875,0.8685,965,28,968,28,0
876,0.8663,965,28,968,28,0
877,0.8641,965,28,968,28,0
878,0.8619,965,28,968,28,0
879,0.8598,965,28,968,28,0
880,0.8576,965,28,968,28,0
881,0.8554,965,28,968,28,0
882,0.8532,965,28,968,28,0
883,0.8511,965,28,968,28,0
884,0.8489,965,28,968,28,0
885,0.8468,965,28,968,28,0
886,0.8446,965,28,968,28,1
887,0.8425,965,28,968,28,0
888,0.8404,965,28,968,28,1
889,0.8382,965,28,968,28,0
890,0.8361,965,28,968,28,0
891,0.8340,965,28,968,28,1
892,0.8319,965,28,968,28,0
893,0.8298,965,28,968,28,0
894,0.8277,965,28,968,28,0
895,0.8256,965,28,968,28,0
896,0.8235,965,28,968,28,0
897,0.8214,965,28,968,28,0
898,0.8193,965,28,968,28,0
899,0.8172,965,28,968,28,0
900,0.8151,965,28,968,28,0
901,0.8131,965,28,968,28,0
902,0.8110,965,28,968,28,0
903,0.8090,965,28,968,28,0
904,0.8069,965,28,968,28,0
905,0.8049,965,28,968,28,1
906,0.8028,965,28,968,28,0
907,0.8008,965,28,968,28,0
908,0.7988,965,28,968,28,0
909,0.7967,965,28,968,28,1
910,0.7947,965,28,968,28,0
911,0.7927,965,28,968,28,0
912,0.7907,965,28,968,28,0
913,0.7887,965,28,968,28,0
914,0.7867,965,28,968,28,1
915,0.7847,965,28,968,28,0
916,0.7827,965,28,968,28,0
917,0.7807,965,28,968,28,1
918,0.7788,965,28,968,28,1
919,0.7768,965,28,968,28,1
920,0.7748,965,28,968,28,0
921,0.7728,965,28,968,28,0
922,0.7709,965,28,968,28,0
923,0.7689,965,28,968,28,0
924,0.7670,965,28,968,28,0
925,0.7650,965,28,968,28,1
926,0.7631,965,28,968,28,0
927,0.7612,965,28,968,28,0
928,0.7592,965,28,968,28,1
929,0.7573,965,28,968,28,0
930,0.7554,965,28,968,28,0
931,0.7535,965,28,968,28,0
932,0.7516,965,28,968,28,0
933,0.7497,965,28,968,28,0
934,0.7478,965,28,968,28,0
935,0.7459,965,28,968,28,1
936,0.7440,965,28,968,28,0
937,0.7421,965,28,968,28,0
938,0.7402,965,28,968,28,0
939,0.7383,965,28,968,28,0
940,0.7365,965,28,968,28,1
941,0.7346,965,28,968,28,1
942,0.7327,965,28,968,28,0
943,0.7309,965,28,968,28,0
944,0.7290,965,28,968,28,0
945,0.7272,965,28,968,28,1
946,0.7253,965,28,968,28,0
947,0.7235,965,28,968,28,0
948,0.7217,965,28,968,28,0
949,0.7198,965,28,968,28,0
950,0.7180,965,28,968,28,0
951,0.7162,965,28,968,28,0
952,0.7144,965,28,968,28,0
953,0.7126,965,28,968,28,1
954,0.7108,965,28,968,28,0
955,0.7090,965,28,968,28,0
956,0.7072,965,28,968,28,1
957,0.7054,965,28,968,28,1
958,0.7036,965,28,968,28,0
959,0.7018,965,28,968,28,1
960,0.7000,965,28,968,28,0
961,0.6982,965,28,968,28,0
962,0.6965,965,28,968,28,1
963,0.6947,965,28,968,28,0
964,0.6930,965,28,968,28,0
965,0.6912,965,28,968,28,0
966,0.6894,965,28,968,28,0
967,0.6877,965,28,968,28,0
968,0.6860,965,28,968,28,1
969,0.6842,965,28,968,28,0
970,0.6825,965,28,968,28,1
971,0.6808,965,28,968,28,1
972,0.6790,965,28,968,28,0
973,0.6773,965,28,968,28,0
974,0.6756,965,28,968,28,0
975,0.6739,965,28,968,28,0
976,0.6722,965,28,968,28,0
977,0.6705,965,28,968,28,1
978,0.6688,965,28,968,28,0
979,0.6671,965,28,968,28,1
980,0.6654,965,28,968,28,0
981,0.6637,965,28,968,28,1
982,0.6620,965,28,968,28,0
983,0.6603,965,28,968,28,0
984,0.6587,965,28,968,28,0
985,0.6570,965,28,968,28,0
986,0.6553,965,28,968,28,0
987,0.6537,965,28,968,28,1
988,0.6520,965,28,968,28,0
989,0.6504,965,28,968,28,0
990,0.6487,965,28,968,28,0
991,0.6471,965,28,968,28,0
992,0.6454,965,28,968,28,0
993,0.6438,965,28,968,28,1
994,0.6422,965,28,968,28,0
995,0.6405,965,28,968,28,0
996,0.6389,965,28,968,28,0
997,0.6373,965,28,968,28,0
998,0.6357,965,28,968,28,0
999,0.6341,965,28,968,28,1
1000,0.6325,965,28,968,28,1
1001,0.6309,965,28,968,28,0
1002,0.6293,965,28,968,28,0
1003,0.6277,965,28,968,28,0
1004,0.6261,965,28,968,28,0
1005,0.6245,965,28,968,28,0
1006,0.6229,965,28,968,28,0
1007,0.6213,965,28,968,28,0
1008,0.6197,965,28,968,28,0
1009,0.6182,965,28,968,28,1
1010,0.6166,965,28,968,28,0
1011,0.6150,965,28,968,28,0
1012,0.6135,965,28,968,28,0
1013,0.6119,965,28,968,28,0
1014,0.6104,965,28,968,28,0
1015,0.6088,965,28,968,28,1
1016,0.6073,965,28,968,28,0
1017,0.6058,965,28,968,28,0
1018,0.6042,965,28,968,28,0
1019,0.6027,965,28,968,28,0
1020,0.6012,965,28,968,28,0
1021,0.5996,965,28,968,28,0
1022,0.5981,965,28,968,28,0
1023,0.5966,965,28,968,28,0
1024,0.5951,965,28,968,28,1
1025,0.5936,965,28,968,28,0
1026,0.5921,965,28,968,28,0
1027,0.5906,965,28,968,28,0
1028,0.5891,965,28,968,28,1
1029,0.5876,965,28,968,28,1
1030,0.5861,965,28,968,28,0
1031,0.5846,965,28,968,28,0
1032,0.5831,965,28,968,28,0
1033,0.5817,965,28,968,28,1
1034,0.5802,965,28,968,28,0
1035,0.5787,965,28,968,28,0
1036,0.5772,965,28,968,28,0
1037,0.5758,965,28,968,28,1
1038,0.5743,965,28,968,28,0
1039,0.5729,965,28,968,28,0
1040,0.5714,965,28,968,28,0
1041,0.5700,965,28,968,28,0
1042,0.5685,965,28,968,28,0
1043,0.5671,965,28,968,28,0
1044,0.5656,965,28,968,28,1
1045,0.5642,965,28,968,28,0
1046,0.5628,965,28,968,28,0
1047,0.5613,965,28,968,28,0
1048,0.5599,965,28,968,28,0
1049,0.5585,965,28,968,28,0
1050,0.5571,965,28,968,28,0
1051,0.5557,965,28,968,28,1
1052,0.5543,965,28,968,28,1
1053,0.5529,965,28,968,28,0
1054,0.5515,965,28,968,28,0
1055,0.5501,965,28,968,28,1
1056,0.5487,965,28,968,28,0
1057,0.5473,965,28,968,28,0
1058,0.5459,965,28,968,28,1
1059,0.5445,965,28,968,28,0
1060,0.5431,965,28,968,28,0
1061,0.5418,965,28,968,28,0
1062,0.5404,965,28,968,28,0
1063,0.5390,965,28,968,28,0
1064,0.5376,965,28,968,28,0
1065,0.5363,965,28,968,28,0
1066,0.5349,965,28,968,28,0
1067,0.5336,968,28,968,28,1
1068,0.5322,968,28,968,28,0
1069,0.5309,968,28,968,28,1
1070,0.5295,968,28,968,28,0
1071,0.5282,968,28,968,28,0
1072,0.5268,968,28,968,28,0
1073,0.5255,968,28,968,28,0
1074,0.5242,968,28,968,28,0
1075,0.5228,968,28,968,28,0
1076,0.5215,968,28,968,28,0
1077,0.5202,968,28,968,28,0
1078,0.5189,968,28,968,28,0
1079,0.5176,968,28,968,28,0
1080,0.5163,968,28,968,28,0
1081,0.5149,968,28,968,28,0
1082,0.5136,968,28,968,28,0
1083,0.5123,968,28,968,28,0
1084,0.5110,968,28,968,28,0
1085,0.5097,968,28,968,28,0
1086,0.5085,968,28,968,28,0
1087,0.5072,968,28,968,28,1
1088,0.5059,968,28,968,28,0
1089,0.5046,968,28,968,28,1
1090,0.5033,968,28,968,28,0
1091,0.5020,968,27,968,28,1
1092,0.5008,968,27,968,28,1
1093,0.4995,968,27,968,28,0
1094,0.4982,968,27,968,28,0
1095,0.4970,968,27,968,28,0
1096,0.4957,968,27,968,28,1
1097,0.4945,968,27,968,28,0
1098,0.4932,968,27,968,28,0
1099,0.4920,968,27,968,28,0
1100,0.4907,968,27,968,28,1
1101,0.4895,968,27,968,28,0
1102,0.4882,968,27,968,28,0
1103,0.4870,968,27,968,28,0
1104,0.4858,968,27,968,28,0
1105,0.4845,968,27,968,28,1
1106,0.4833,968,27,968,28,0
1107,0.4821,968,27,968,28,0
1108,0.4808,968,27,968,28,0
1109,0.4796,968,27,968,28,0
1110,0.4784,968,27,968,28,0
1111,0.4772,968,27,968,28,0
1112,0.4760,968,27,968,28,0
1113,0.4748,968,27,968,28,0
1114,0.4736,968,27,968,28,1
1115,0.4724,968,27,968,28,0
1116,0.4712,968,27,968,28,0
1117,0.4700,968,27,968,28,1
1118,0.4688,968,27,968,28,0
1119,0.4676,968,27,968,28,0
1120,0.4664,968,27,968,28,0
1121,0.4652,968,27,968,28,1
1122,0.4641,968,27,968,28,0
1123,0.4629,968,27,968,28,0
1124,0.4617,968,27,968,28,0
1125,0.4605,968,27,968,28,0
1126,0.4594,968,27,968,28,1
1127,0.4582,968,27,968,28,0
1128,0.4571,968,27,968,28,0
1129,0.4559,968,27,968,28,0
1130,0.4547,968,27,968,28,0
1131,0.4536,968,27,968,28,1
1132,0.4524,968,27,968,28,0
1133,0.4513,968,27,968,28,0
1134,0.4501,968,27,968,28,0
1135,0.4490,968,27,968,28,0
1136,0.4479,968,27,968,28,0
1137,0.4467,968,27,968,28,1
1138,0.4456,968,27,968,28,0
1139,0.4445,968,27,968,28,0
1140,0.4433,968,27,968,28,0
1141,0.4422,968,27,968,28,0
1142,0.4411,968,27,968,28,0
1143,0.4400,968,27,968,28,0
1144,0.4389,968,27,968,28,0
1145,0.4378,968,27,968,28,0
1146,0.4366,968,27,968,28,0
1147,0.4355,968,27,968,28,0
1148,0.4344,968,27,968,28,0
1149,0.4333,968,27,968,28,1
1150,0.4322,968,27,968,28,1
1151,0.4311,968,27,968,28,0
1152,0.4300,968,27,968,28,0
1153,0.4290,968,27,968,28,0
1154,0.4279,968,27,968,28,1
1155,0.4268,968,27,968,28,0
1156,0.4257,968,27,968,28,0
1157,0.4246,968,27,968,28,0
1158,0.4235,968,27,968,28,0
1159,0.4225,968,27,968,28,0
1160,0.4214,968,27,968,28,0
1161,0.4203,968,27,968,28,0
1162,0.4193,968,27,968,28,0
1163,0.4182,968,27,968,28,1
1164,0.4171,968,27,968,28,0
1165,0.4161,968,27,968,28,0
1166,0.4150,968,27,968,28,0
1167,0.4140,968,27,968,28,0
1168,0.4129,968,27,968,28,0
1169,0.4119,968,27,968,28,0
1170,0.4108,968,27,968,28,1
1171,0.4098,968,27,968,28,1
1172,0.4088,968,27,968,28,1
1173,0.4077,968,27,968,28,0
1174,0.4067,968,27,968,28,1
1175,0.4057,968,27,968,28,0
1176,0.4046,968,27,968,28,0
1177,0.4036,968,27,968,28,1
1178,0.4026,968,27,968,28,0
1179,0.4016,968,27,968,28,0
1180,0.4006,968,27,968,28,0
1181,0.3995,968,27,968,28,0
1182,0.3985,968,27,968,28,0
1183,0.3975,968,27,968,28,0
1184,0.3965,968,27,968,28,0
1185,0.3955,968,27,968,28,1
1186,0.3945,968,27,968,28,0
1187,0.3935,968,27,968,28,0
1188,0.3925,968,27,968,28,0
1189,0.3915,968,27,968,28,0
1190,0.3905,968,27,968,28,0
1191,0.3895,968,27,968,28,0
1192,0.3885,968,27,968,28,0
1193,0.3876,968,27,968,28,1
1194,0.3866,968,27,968,28,0
1195,0.3856,968,27,968,28,0
1196,0.3846,968,27,968,28,0
1197,0.3836,968,27,968,28,0
1198,0.3827,968,27,968,28,0
1199,0.3817,968,27,968,28,0
1200,0.3807,968,27,968,28,1
1201,0.3798,968,27,968,28,0
1202,0.3788,968,27,968,28,0
1203,0.3778,968,27,968,28,0
1204,0.3769,968,27,968,28,1
1205,0.3759,968,27,968,28,0
1206,0.3750,968,27,968,28,0
1207,0.3740,968,27,968,28,1
1208,0.3731,968,27,968,28,1
1209,0.3721,968,27,968,28,0
1210,0.3712,968,27,968,28,0
1211,0.3703,968,27,968,28,0
1212,0.3693,968,27,968,28,1
1213,0.3684,968,27,968,28,0
1214,0.3674,968,27,968,28,1
1215,0.3665,968,27,968,28,0
1216,0.3656,968,27,968,28,0
1217,0.3647,968,27,968,28,0
1218,0.3637,968,27,968,28,1
1219,0.3628,968,27,968,28,0
1220,0.3619,968,27,968,28,0
1221,0.3610,968,27,968,28,0
1222,0.3601,968,27,968,28,0
1223,0.3591,968,27,968,28,1
1224,0.3582,968,27,968,28,1
1225,0.3573,968,27,968,28,0
1226,0.3564,968,27,968,28,0
1227,0.3555,968,27,968,28,0
1228,0.3546,968,27,968,28,1
1229,0.3537,968,27,968,28,0
1230,0.3528,968,27,968,28,0
1231,0.3519,968,27,968,28,0
1232,0.3510,968,27,968,28,0
1233,0.3501,968,27,968,28,0
1234,0.3493,968,27,968,28,0
1235,0.3484,968,27,968,28,0
1236,0.3475,968,27,968,28,0
1237,0.3466,968,27,968,28,0
1238,0.3457,968,27,968,28,0
1239,0.3449,968,27,968,28,0
1240,0.3440,968,27,968,28,0
1241,0.3431,968,27,968,28,1
1242,0.3422,968,27,968,28,0
1243,0.3414,968,27,968,28,1
1244,0.3405,968,27,968,28,0
1245,0.3396,968,27,968,28,0
1246,0.3388,968,27,968,28,0
1247,0.3379,968,27,968,28,0
1248,0.3371,968,27,968,28,0
1249,0.3362,968,27,968,28,0
1250,0.3354,968,27,968,28,1
1251,0.3345,968,27,968,28,0
1252,0.3337,968,27,968,28,0
1253,0.3328,968,27,968,28,1
1254,0.3320,968,27,968,28,0
1255,0.3311,968,27,968,28,0
1256,0.3303,968,27,968,28,0
1257,0.3295,968,27,968,28,0
1258,0.3286,968,27,968,28,1
1259,0.3278,968,27,968,28,0
1260,0.3270,968,27,968,28,0
1261,0.3261,968,27,968,28,0
1262,0.3253,968,27,968,28,0
1263,0.3245,968,27,968,28,0
1264,0.3237,968,27,968,28,0
1265,0.3228,968,27,968,28,0
1266,0.3220,968,27,968,28,0
1267,0.3212,968,27,968,28,0
1268,0.3204,968,27,968,28,0
1269,0.3196,968,27,968,28,1
1270,0.3188,968,27,968,28,0
1271,0.3180,968,27,968,28,0
1272,0.3172,968,27,968,28,0
1273,0.3163,968,27,968,28,0
1274,0.3155,968,27,968,28,0
1275,0.3147,968,27,968,28,0
1276,0.3140,968,27,968,28,0
1277,0.3132,968,27,968,28,0
1278,0.3124,968,27,968,28,0
1279,0.3116,968,27,968,28,0
1280,0.3108,968,27,968,28,0
1281,0.3100,968,27,968,28,0
1282,0.3092,968,27,968,28,0
1283,0.3084,968,27,968,28,0
1284,0.3076,968,27,968,28,0
1285,0.3069,968,27,968,28,0
1286,0.3061,968,27,968,28,0
1287,0.3053,968,27,968,28,0
1288,0.3045,968,27,968,28,0
1289,0.3038,968,27,968,28,1
1290,0.3030,968,27,968,28,1
1291,0.3022,968,27,968,28,0
1292,0.3015,968,27,968,28,1
1293,0.3007,968,27,968,28,1
1294,0.2999,968,27,968,28,0
1295,0.2992,968,27,968,28,0
1296,0.2984,968,27,968,28,1
1297,0.2977,968,27,968,28,0
1298,0.2969,968,27,968,28,0
1299,0.2962,968,27,968,28,0
1300,0.2954,968,27,968,28,0
1301,0.2947,968,27,968,28,0
1302,0.2939,968,27,968,28,1
1303,0.2932,968,27,968,28,1
1304,0.2924,968,27,968,28,0
1305,0.2917,968,27,968,28,0
1306,0.2909,968,27,968,28,0
1307,0.2902,968,27,968,28,0
1308,0.2895,968,27,968,28,0
1309,0.2887,968,27,968,28,1
1310,0.2880,968,27,968,28,0
1311,0.2873,968,27,968,28,0
1312,0.2865,968,27,968,28,0
1313,0.2858,968,27,968,28,0
1314,0.2851,968,27,968,28,0
1315,0.2844,968,27,968,28,1
1316,0.2836,968,27,968,28,1
1317,0.2829,968,27,968,28,1
1318,0.2822,968,27,968,28,0
1319,0.2815,968,27,968,28,0
1320,0.2808,968,27,968,28,0
1321,0.2801,968,27,968,28,0
1322,0.2794,969,27,969,27,1
1323,0.2787,969,27,969,27,0
1324,0.2779,969,27,969,27,0
1325,0.2772,969,27,969,27,0
1326,0.2765,969,27,969,27,0
1327,0.2758,969,27,969,27,0
1328,0.2751,969,27,969,27,0
1329,0.2744,969,27,969,27,0
1330,0.2737,969,27,969,27,0
1331,0.2731,969,27,969,27,0
1332,0.2724,969,27,969,27,0
1333,0.2717,969,27,969,27,0
1334,0.2710,969,27,969,27,0
1335,0.2703,969,27,969,27,0
1336,0.2696,969,27,969,27,0
1337,0.2689,969,27,969,27,0
1338,0.2682,969,27,969,27,0
1339,0.2676,969,27,969,27,1
1340,0.2669,969,27,969,27,1
1341,0.2662,969,27,969,27,0
1342,0.2655,969,27,969,27,1
1343,0.2649,969,27,969,27,1
1344,0.2642,969,27,969,27,0
1345,0.2635,969,27,969,27,0
1346,0.2629,969,27,969,27,0
1347,0.2622,969,27,969,27,0
1348,0.2615,969,27,969,27,0
1349,0.2609,969,27,969,27,0
1350,0.2602,969,27,969,27,0
1351,0.2595,969,27,969,27,1
1352,0.2589,969,27,969,27,0
1353,0.2582,969,27,969,27,0
1354,0.2576,969,27,969,27,0
1355,0.2569,969,27,969,27,0
1356,0.2563,969,27,969,27,0
1357,0.2556,969,27,969,27,0
1358,0.2550,969,27,969,27,0
1359,0.2543,969,27,969,27,0
1360,0.2537,969,27,969,27,0
1361,0.2530,969,27,969,27,0
1362,0.2524,969,27,969,27,0
1363,0.2518,969,27,969,27,0
1364,0.2511,969,27,969,27,0
1365,0.2505,969,27,969,27,0
1366,0.2498,969,27,969,27,1
1367,0.2492,969,27,969,27,0
1368,0.2486,969,27,969,27,0
1369,0.2480,969,27,969,27,0
1370,0.2473,969,27,969,27,0
1371,0.2467,969,27,969,27,0
1372,0.2461,969,27,969,27,0
1373,0.2454,969,27,969,27,1
1374,0.2448,969,27,969,27,0
1375,0.2442,969,27,969,27,0
1376,0.2436,969,27,969,27,0
1377,0.2430,969,27,969,27,0
1378,0.2424,969,27,969,27,1
1379,0.2417,969,27,969,27,1
1380,0.2411,969,27,969,27,0
1381,0.2405,969,27,969,27,0
1382,0.2399,969,27,969,27,0
1383,0.2393,969,27,969,27,0
1384,0.2387,969,27,969,27,0
1385,0.2381,969,27,969,27,0
1386,0.2375,969,27,969,27,1
1387,0.2369,969,27,969,27,0
1388,0.2363,969,27,969,27,1
1389,0.2357,969,27,969,27,1
1390,0.2351,969,27,969,27,0
1391,0.2345,969,27,969,27,1
1392,0.2339,969,27,969,27,1
1393,0.2333,969,27,969,27,1
1394,0.2327,969,27,969,27,0
1395,0.2321,969,27,969,27,1
1396,0.2315,969,27,969,27,0
1397,0.2309,969,27,969,27,1
1398,0.2304,969,27,969,27,1
1399,0.2298,969,27,969,27,0
1400,0.2292,969,27,969,27,1
1401,0.2286,969,27,969,27,1
1402,0.2280,969,27,969,27,0
1403,0.2275,970,27,970,27,1
1404,0.2269,970,27,970,27,0
1405,0.2263,970,27,970,27,1
1406,0.2257,970,27,970,27,0
1407,0.2252,970,27,970,27,1
1408,0.2246,970,27,970,27,0
1409,0.2240,970,27,970,27,0
1410,0.2235,970,27,970,27,0
1411,0.2229,970,27,970,27,0
1412,0.2223,970,27,970,27,0
1413,0.2218,970,27,970,27,0
1414,0.2212,970,27,970,27,0
1415,0.2206,970,27,970,27,0
1416,0.2201,970,27,970,27,1
1417,0.2195,970,27,970,27,0
1418,0.2190,970,27,970,27,0
1419,0.2184,970,27,970,27,0
1420,0.2179,970,27,970,27,0
1421,0.2173,970,27,970,27,0
1422,0.2168,970,27,970,27,1
1423,0.2162,970,27,970,27,0
1424,0.2157,970,27,970,27,0
1425,0.2151,970,27,970,27,1
1426,0.2146,970,27,970,27,0
1427,0.2140,970,27,970,27,1
1428,0.2135,970,27,970,27,0
1429,0.2129,970,27,970,27,0
1430,0.2124,970,27,970,27,0
1431,0.2119,970,27,970,27,0
1432,0.2113,970,27,970,27,0
1433,0.2108,970,27,970,27,0
1434,0.2102,970,27,970,27,0
1435,0.2097,970,27,970,27,0
1436,0.2092,970,27,970,27,0
1437,0.2087,970,27,970,27,0
1438,0.2081,970,27,970,27,0
1439,0.2076,970,27,970,27,0
1440,0.2071,970,27,970,27,0
1441,0.2065,970,27,970,27,0
1442,0.2060,970,27,970,27,1
1443,0.2055,970,27,970,27,0
1444,0.2050,970,27,970,27,1
1445,0.2045,970,27,970,27,0
1446,0.2039,970,27,970,27,0
1447,0.2034,970,27,970,27,0
1448,0.2029,970,27,970,27,0
1449,0.2024,970,27,970,27,0
1450,0.2019,970,27,970,27,0
1451,0.2014,970,27,970,27,0
1452,0.2009,970,27,970,27,0
1453,0.2004,970,27,970,27,1
1454,0.1998,970,27,970,27,0
1455,0.1993,970,27,970,27,0
1456,0.1988,970,27,970,27,0
1457,0.1983,970,27,970,27,0
1458,0.1978,970,27,970,27,1
1459,0.1973,970,27,970,27,0
1460,0.1968,970,27,970,27,0
1461,0.1963,970,27,970,27,0
1462,0.1958,970,27,970,27,0
1463,0.1953,970,27,970,27,0
1464,0.1948,970,27,970,27,0
1465,0.1943,970,27,970,27,0
1466,0.1939,970,27,970,27,0
1467,0.1934,970,27,970,27,0
1468,0.1929,970,27,970,27,0
1469,0.1924,970,27,970,27,0
1470,0.1919,970,27,970,27,0
1471,0.1914,970,27,970,27,0
1472,0.1909,970,27,970,27,0
1473,0.1904,970,27,970,27,0
1474,0.1900,970,27,970,27,0
1475,0.1895,970,27,970,27,0
1476,0.1890,970,27,970,27,0
1477,0.1885,970,27,970,27,0
1478,0.1880,970,27,970,27,0
1479,0.1876,970,27,970,27,0
1480,0.1871,970,27,970,27,0
1481,0.1866,970,27,970,27,1
1482,0.1861,970,27,970,27,0
1483,0.1857,970,27,970,27,0
1484,0.1852,970,27,970,27,0
1485,0.1847,972,27,972,27,1
1486,0.1843,972,27,972,27,0
1487,0.1838,972,27,972,27,1
1488,0.1833,972,27,972,27,0
1489,0.1829,972,27,972,27,0
1490,0.1824,972,27,972,27,0
1491,0.1819,972,27,972,27,0
1492,0.1815,972,27,972,27,0
1493,0.1810,972,27,972,27,0
1494,0.1806,972,27,972,27,0
1495,0.1801,972,27,972,27,0
1496,0.1796,972,27,972,27,0
1497,0.1792,972,27,972,27,0
1498,0.1787,972,27,972,27,0
1499,0.1783,972,27,972,27,0
1500,0.1778,972,27,972,27,0
1501,0.1774,972,27,972,27,0
1502,0.1769,972,27,972,27,0
1503,0.1765,972,27,972,27,0
1504,0.1760,972,27,972,27,0
1505,0.1756,972,27,972,27,0
1506,0.1751,972,27,972,27,0
1507,0.1747,972,27,972,27,0
1508,0.1743,972,27,972,27,0
1509,0.1738,972,27,972,27,0
1510,0.1734,972,27,972,27,0
1511,0.1729,972,27,972,27,1
1512,0.1725,972,27,972,27,0
1513,0.1721,972,27,972,27,0
1514,0.1716,972,27,972,27,1
1515,0.1712,972,27,972,27,0
1516,0.1708,972,27,972,27,1
1517,0.1703,972,27,972,27,0
1518,0.1699,972,27,972,27,0
1519,0.1695,972,27,972,27,1
1520,0.1690,972,27,972,27,0
1521,0.1686,972,27,972,27,0
1522,0.1682,972,27,972,27,0
1523,0.1677,972,27,972,27,1
1524,0.1673,972,27,972,27,0
1525,0.1669,972,27,972,27,0
1526,0.1665,972,27,972,27,0
1527,0.1661,972,27,972,27,0
1528,0.1656,972,27,972,27,0
1529,0.1652,972,27,972,27,0
1530,0.1648,972,27,972,27,0
1531,0.1644,972,27,972,27,1
1532,0.1640,972,27,972,27,0
1533,0.1635,972,27,972,27,0
1534,0.1631,972,27,972,27,1
1535,0.1627,972,27,972,27,0
1536,0.1623,972,27,972,27,0
1537,0.1619,972,27,972,27,0
1538,0.1615,972,27,972,27,0
1539,0.1611,972,27,972,27,0
1540,0.1607,972,27,972,27,0
1541,0.1603,972,27,972,27,0
1542,0.1599,972,27,972,27,1
1543,0.1594,972,27,972,27,0
1544,0.1590,972,27,972,27,0
1545,0.1586,972,27,972,27,0
1546,0.1582,972,27,972,27,0
1547,0.1578,972,27,972,27,0
1548,0.1574,972,27,972,27,0
1549,0.1570,972,27,972,27,0
1550,0.1566,972,27,972,27,0
1551,0.1562,972,27,972,27,1
1552,0.1558,972,27,972,27,0
1553,0.1555,972,27,972,27,0
1554,0.1551,972,27,972,27,0
1555,0.1547,972,27,972,27,0
1556,0.1543,972,27,972,27,0
1557,0.1539,972,27,972,27,0
1558,0.1535,972,27,972,27,0
1559,0.1531,972,27,972,27,1
1560,0.1527,972,27,972,27,0
1561,0.1523,972,27,972,27,0
1562,0.1519,972,27,972,27,0
1563,0.1516,972,27,972,27,0
1564,0.1512,972,27,972,27,0
1565,0.1508,972,27,972,27,0
1566,0.1504,972,27,972,27,0
1567,0.1500,972,27,972,27,0
1568,0.1496,972,27,972,27,0
1569,0.1493,972,27,972,27,0
1570,0.1489,972,27,972,27,0
1571,0.1485,972,27,972,27,0
1572,0.1481,972,27,972,27,0
1573,0.1478,972,27,972,27,0
1574,0.1474,972,27,972,27,0
1575,0.1470,972,27,972,27,0
1576,0.1466,972,27,972,27,0
1577,0.1463,972,27,972,27,0
1578,0.1459,972,27,972,27,0
1579,0.1455,972,27,972,27,0
1580,0.1452,972,27,972,27,0
1581,0.1448,972,27,972,27,0
1582,0.1444,972,27,972,27,0
1583,0.1441,972,27,972,27,1
1584,0.1437,972,27,972,27,0
1585,0.1433,972,27,972,27,0
1586,0.1430,972,27,972,27,0
1587,0.1426,972,27,972,27,0
1588,0.1422,972,27,972,27,0
1589,0.1419,972,27,972,27,0
1590,0.1415,972,27,972,27,0
1591,0.1412,972,27,972,27,0
1592,0.1408,972,27,972,27,0
1593,0.1404,972,27,972,27,0
1594,0.1401,972,27,972,27,0
1595,0.1397,972,27,972,27,0
1596,0.1394,972,27,972,27,0
1597,0.1390,972,27,972,27,0
1598,0.1387,972,27,972,27,0
1599,0.1383,972,27,972,27,0
1600,0.1380,972,27,972,27,0
1601,0.1376,972,27,972,27,0
1602,0.1373,972,27,972,27,0
1603,0.1369,972,27,972,27,0
1604,0.1366,972,27,972,27,0
1605,0.1362,980,27,980,27,1
1606,0.1359,980,27,980,27,0
1607,0.1355,980,27,980,27,0
1608,0.1352,980,27,980,27,0
1609,0.1349,980,27,980,27,1
1610,0.1345,980,27,980,27,0
1611,0.1342,980,27,980,27,0
1612,0.1338,980,27,980,27,0
1613,0.1335,980,27,980,27,0
1614,0.1332,980,27,980,27,0
1615,0.1328,980,27,980,27,1
1616,0.1325,980,27,980,27,0
1617,0.1321,980,27,980,27,0
1618,0.1318,980,27,980,27,0
1619,0.1315,980,27,980,27,0
1620,0.1311,980,27,980,27,0
1621,0.1308,980,27,980,27,0
1622,0.1305,980,27,980,27,0
1623,0.1302,980,27,980,27,0
1624,0.1298,980,27,980,27,0
1625,0.1295,980,27,980,27,0
1626,0.1292,980,27,980,27,0
1627,0.1288,980,27,980,27,1
1628,0.1285,980,27,980,27,0
1629,0.1282,980,27,980,27,0
1630,0.1279,980,27,980,27,0
1631,0.1275,980,27,980,27,0
1632,0.1272,980,27,980,27,0
1633,0.1269,980,27,980,27,0
1634,0.1266,980,27,980,27,0
1635,0.1262,980,27,980,27,0
1636,0.1259,980,27,980,27,0
1637,0.1256,980,27,980,27,0
1638,0.1253,980,27,980,27,0
1639,0.1250,980,27,980,27,0
1640,0.1247,980,27,980,27,1
1641,0.1243,980,27,980,27,0
1642,0.1240,980,27,980,27,0
1643,0.1237,980,27,980,27,0
1644,0.1234,980,27,980,27,1
1645,0.1231,980,27,980,27,0
1646,0.1228,980,27,980,27,0
1647,0.1225,980,27,980,27,0
1648,0.1222,980,27,980,27,0
1649,0.1218,980,27,980,27,0
1650,0.1215,980,27,980,27,0
1651,0.1212,980,27,980,27,0
1652,0.1209,980,27,980,27,0
1653,0.1206,980,27,980,27,0
1654,0.1203,980,27,980,27,1
1655,0.1200,980,27,980,27,0
1656,0.1197,980,27,980,27,0
1657,0.1194,980,27,980,27,0
1658,0.1191,980,27,980,27,0
1659,0.1188,980,27,980,27,0
1660,0.1185,980,27,980,27,0
1661,0.1182,980,27,980,27,1
1662,0.1179,980,27,980,27,0
1663,0.1176,980,27,980,27,0
1664,0.1173,980,27,980,27,0
1665,0.1170,980,27,980,27,0
1666,0.1167,980,27,980,27,0
1667,0.1164,980,27,980,27,0
1668,0.1161,980,27,980,27,0
1669,0.1158,980,27,980,27,0
1670,0.1155,980,27,980,27,0
1671,0.1152,980,27,980,27,0
1672,0.1149,980,27,980,27,0
1673,0.1146,980,27,980,27,0
1674,0.1144,980,27,980,27,0
1675,0.1141,980,27,980,27,0
1676,0.1138,980,27,980,27,0
1677,0.1135,980,27,980,27,0
1678,0.1132,980,27,980,27,0
1679,0.1129,980,27,980,27,1
1680,0.1126,980,27,980,27,0
1681,0.1123,980,27,980,27,0
1682,0.1121,980,27,980,27,0
1683,0.1118,980,27,980,27,0
1684,0.1115,980,27,980,27,0
1685,0.1112,980,27,980,27,1
1686,0.1109,980,27,980,27,0
1687,0.1106,980,27,980,27,0
1688,0.1104,980,27,980,27,0
1689,0.1101,980,27,980,27,0
1690,0.1098,980,27,980,27,0
1691,0.1095,980,27,980,27,0
1692,0.1092,980,27,980,27,0
1693,0.1090,980,27,980,27,0
1694,0.1087,980,27,980,27,0
1695,0.1084,980,27,980,27,0
1696,0.1081,980,27,980,27,0
1697,0.1079,980,27,980,27,0
1698,0.1076,980,27,980,27,0
1699,0.1073,980,27,980,27,0
1700,0.1071,980,27,980,27,0
1701,0.1068,980,27,980,27,0
1702,0.1065,980,27,980,27,0
1703,0.1062,980,27,980,27,0
1704,0.1060,980,27,980,27,0
1705,0.1057,980,27,980,27,1
1706,0.1054,980,27,980,27,0
1707,0.1052,980,27,980,27,0
1708,0.1049,980,27,980,27,0
1709,0.1046,980,27,980,27,0
1710,0.1044,980,27,980,27,0
1711,0.1041,980,27,980,27,0
1712,0.1038,980,27,980,27,0
1713,0.1036,980,27,980,27,0
1714,0.1033,980,27,980,27,0
1715,0.1031,980,27,980,27,0
1716,0.1028,980,27,980,27,0
1717,0.1025,980,27,980,27,0
1718,0.1023,980,27,980,27,0
1719,0.1020,980,27,980,27,0
1720,0.1018,980,27,980,27,0
1721,0.1015,980,27,980,27,0
1722,0.1012,980,27,980,27,0
1723,0.1010,980,27,980,27,1
1724,0.1007,980,27,980,27,1
1725,0.1005,980,27,980,27,0
1726,0.1002,980,27,980,27,0
1727,0.1000,980,27,980,27,1
1728,0.0997,980,27,980,27,0
1729,0.0995,980,27,980,27,1
1730,0.0992,980,27,980,27,1
1731,0.0990,980,27,980,27,0
1732,0.0987,980,27,980,27,0
1733,0.0985,980,27,980,27,0
1734,0.0982,980,27,980,27,0
1735,0.0980,980,27,980,27,0
1736,0.0977,980,27,980,27,0
1737,0.0975,980,27,980,27,0
1738,0.0972,980,27,980,27,0
1739,0.0970,980,27,980,27,0
1740,0.0967,980,27,980,27,0
1741,0.0965,980,27,980,27,0
1742,0.0962,980,27,980,27,0
1743,0.0960,980,27,980,27,0
1744,0.0957,980,27,980,27,1
1745,0.0955,980,27,980,27,0
1746,0.0953,980,27,980,27,0
1747,0.0950,980,27,980,27,0
1748,0.0948,980,27,980,27,0
1749,0.0945,980,27,980,27,1
1750,0.0943,980,27,980,27,0
1751,0.0941,980,27,980,27,0
1752,0.0938,980,27,980,27,0
1753,0.0936,980,27,980,27,1
1754,0.0933,980,27,980,27,0
1755,0.0931,980,27,980,27,0
1756,0.0929,980,27,980,27,0
1757,0.0926,980,27,980,27,0
1758,0.0924,980,27,980,27,0
1759,0.0922,980,27,980,27,1
1760,0.0919,980,27,980,27,0
1761,0.0917,980,27,980,27,0
1762,0.0915,980,27,980,27,0
1763,0.0912,980,27,980,27,0
1764,0.0910,980,27,980,27,0
1765,0.0908,980,27,980,27,0
1766,0.0905,980,27,980,27,0
1767,0.0903,980,27,980,27,0
1768,0.0901,980,27,980,27,0
1769,0.0899,980,27,980,27,0
1770,0.0896,980,27,980,27,1
1771,0.0894,980,27,980,27,0
1772,0.0892,980,27,980,27,0
1773,0.0889,980,27,980,27,0
1774,0.0887,980,27,980,27,0
1775,0.0885,980,27,980,27,0
1776,0.0883,980,27,980,27,0
1777,0.0881,980,27,980,27,0
1778,0.0878,980,27,980,27,0
1779,0.0876,980,27,980,27,0
1780,0.0874,980,27,980,27,0
1781,0.0872,980,27,980,27,0
1782,0.0869,980,27,980,27,0
1783,0.0867,980,27,980,27,0
1784,0.0865,980,27,980,27,0
1785,0.0863,980,27,980,27,0
1786,0.0861,980,27,980,27,0
1787,0.0858,980,27,980,27,0
1788,0.0856,980,27,980,27,0
1789,0.0854,980,27,980,27,0
1790,0.0852,980,27,980,27,0
1791,0.0850,980,27,980,27,0
1792,0.0848,980,27,980,27,0
1793,0.0845,980,27,980,27,0
1794,0.0843,980,27,980,27,0
1795,0.0841,980,27,980,27,0
1796,0.0839,980,27,980,27,1
1797,0.0837,980,27,980,27,0
1798,0.0835,980,27,980,27,0
1799,0.0833,980,27,980,27,0
1800,0.0831,980,27,980,27,0
1801,0.0828,980,27,980,27,0
1802,0.0826,980,27,980,27,0
1803,0.0824,980,27,980,27,0
1804,0.0822,980,27,980,27,0
1805,0.0820,980,27,980,27,0
1806,0.0818,980,27,980,27,0
1807,0.0816,980,27,980,27,0
1808,0.0814,980,27,980,27,0
1809,0.0812,980,27,980,27,0
1810,0.0810,980,27,980,27,0
1811,0.0808,980,27,980,27,0
1812,0.0806,980,27,980,27,0
1813,0.0804,980,27,980,27,0
1814,0.0802,980,27,980,27,0
1815,0.0800,980,27,980,27,0
1816,0.0798,980,27,980,27,0
1817,0.0796,980,27,980,27,0
1818,0.0793,980,27,980,27,1
1819,0.0791,980,27,980,27,0
1820,0.0789,980,27,980,27,0
1821,0.0787,980,27,980,27,0
1822,0.0785,980,27,980,27,0
1823,0.0783,980,27,980,27,0
1824,0.0782,980,27,980,27,0
1825,0.0780,980,27,980,27,0
1826,0.0778,980,27,980,27,0
1827,0.0776,980,27,980,27,1
1828,0.0774,980,27,980,27,0
1829,0.0772,980,27,980,27,0
1830,0.0770,980,27,980,27,0
1831,0.0768,980,27,980,27,1
1832,0.0766,980,27,980,27,0
1833,0.0764,980,27,980,27,0
1834,0.0762,980,27,980,27,0
1835,0.0760,980,27,980,27,0
1836,0.0758,980,27,980,27,0
1837,0.0756,980,27,980,27,0
1838,0.0754,980,27,980,27,1
1839,0.0752,980,27,980,27,0
1840,0.0750,980,27,980,27,0
1841,0.0749,980,27,980,27,0
1842,0.0747,980,27,980,27,0
1843,0.0745,980,27,980,27,0
1844,0.0743,980,27,980,27,0
1845,0.0741,980,27,980,27,0
1846,0.0739,980,27,980,27,0
1847,0.0737,980,27,980,27,0
1848,0.0735,980,27,980,27,0
1849,0.0733,980,27,980,27,0
1850,0.0732,980,27,980,27,1
1851,0.0730,980,27,980,27,0
1852,0.0728,980,27,980,27,0
1853,0.0726,980,27,980,27,0
1854,0.0724,980,27,980,27,0
1855,0.0722,980,27,980,27,0
1856,0.0721,980,27,980,27,0
1857,0.0719,980,27,980,27,0
1858,0.0717,980,27,980,27,1
1859,0.0715,980,27,980,27,0
1860,0.0713,980,27,980,27,0
1861,0.0711,980,27,980,27,0
1862,0.0710,980,27,980,27,0
1863,0.0708,980,27,980,27,0
1864,0.0706,980,27,980,27,0
1865,0.0704,980,27,980,27,1
1866,0.0702,980,27,980,27,0
1867,0.0701,980,27,980,27,0
1868,0.0699,980,27,980,27,0
1869,0.0697,980,27,980,27,0
1870,0.0695,980,27,980,27,0
1871,0.0694,980,27,980,27,1
1872,0.0692,980,27,980,27,0
1873,0.0690,980,27,980,27,0
1874,0.0688,980,27,980,27,0
1875,0.0687,980,27,980,27,0
1876,0.0685,980,27,980,27,0
1877,0.0683,980,27,980,27,0
1878,0.0681,980,27,980,27,0
1879,0.0680,980,27,980,27,0
1880,0.0678,980,27,980,27,0
1881,0.0676,980,27,980,27,0
1882,0.0675,980,27,980,27,0
1883,0.0673,980,27,980,27,0
1884,0.0671,980,27,980,27,0
1885,0.0669,980,27,980,27,0
1886,0.0668,980,27,980,27,0
1887,0.0666,980,27,980,27,0
1888,0.0664,980,27,980,27,1
1889,0.0663,980,27,980,27,0
1890,0.0661,980,27,980,27,0
1891,0.0659,980,27,980,27,0
1892,0.0658,980,27,980,27,0
1893,0.0656,980,27,980,27,0
1894,0.0654,980,27,980,27,0
1895,0.0653,980,27,980,27,0
1896,0.0651,980,27,980,27,1
1897,0.0649,980,27,980,27,0
1898,0.0648,980,27,980,27,0
1899,0.0646,980,27,980,27,0
1900,0.0644,980,27,980,27,0
1901,0.0643,980,27,980,27,0
1902,0.0641,980,27,980,27,0
1903,0.0640,980,27,980,27,0
1904,0.0638,980,27,980,27,0
1905,0.0636,980,27,980,27,0
1906,0.0635,980,27,980,27,0
1907,0.0633,980,27,980,27,0
1908,0.0631,980,27,980,27,0
1909,0.0630,980,27,980,27,1
1910,0.0628,980,27,980,27,0
1911,0.0627,980,27,980,27,0
1912,0.0625,980,27,980,27,0
1913,0.0624,980,27,980,27,0
1914,0.0622,980,27,980,27,0
1915,0.0620,980,27,980,27,0
1916,0.0619,980,27,980,27,0
1917,0.0617,980,27,980,27,0
1918,0.0616,980,27,980,27,1
1919,0.0614,980,27,980,27,0
1920,0.0613,980,27,980,27,0
1921,0.0611,980,27,980,27,0
1922,0.0609,980,27,980,27,0
1923,0.0608,980,27,980,27,0
1924,0.0606,980,27,980,27,1
1925,0.0605,980,27,980,27,0
1926,0.0603,980,27,980,27,0
1927,0.0602,980,27,980,27,1
1928,0.0600,980,27,980,27,0
1929,0.0599,980,27,980,27,0
1930,0.0597,980,27,980,27,0
1931,0.0596,980,27,980,27,0
1932,0.0594,980,27,980,27,0
1933,0.0593,980,27,980,27,0
1934,0.0591,980,27,980,27,0
1935,0.0590,980,27,980,27,1
1936,0.0588,980,27,980,27,0
1937,0.0587,980,27,980,27,1
1938,0.0585,980,27,980,27,0
1939,0.0584,980,27,980,27,1
1940,0.0582,980,27,980,27,0
1941,0.0581,980,27,980,27,0
1942,0.0579,980,27,980,27,0
1943,0.0578,980,27,980,27,0
1944,0.0576,980,27,980,27,0
1945,0.0575,980,27,980,27,0
1946,0.0573,980,27,980,27,0
1947,0.0572,980,27,980,27,1
1948,0.0571,980,27,980,27,1
1949,0.0569,980,27,980,27,0
1950,0.0568,980,27,980,27,0
1951,0.0566,980,27,980,27,1
1952,0.0565,980,27,980,27,0
1953,0.0563,980,27,980,27,0
1954,0.0562,980,27,980,27,0
1955,0.0560,980,27,980,27,0
1956,0.0559,980,27,980,27,0
1957,0.0558,980,27,980,27,0
1958,0.0556,980,27,980,27,0
1959,0.0555,980,27,980,27,0
1960,0.0553,980,27,980,27,0
1961,0.0552,980,27,980,27,0
1962,0.0551,980,27,980,27,0
1963,0.0549,980,27,980,27,0
1964,0.0548,980,27,980,27,0
1965,0.0546,980,27,980,27,1
1966,0.0545,980,27,980,27,0
1967,0.0544,980,27,980,27,0
1968,0.0542,980,27,980,27,1
1969,0.0541,980,27,980,27,1
1970,0.0540,980,27,980,27,0
1971,0.0538,980,27,980,27,1
1972,0.0537,980,27,980,27,0
1973,0.0535,980,27,980,27,0
1974,0.0534,980,27,980,27,0
1975,0.0533,980,27,980,27,1
1976,0.0531,980,27,980,27,0
1977,0.0530,980,27,980,27,0
1978,0.0529,980,27,980,27,0
1979,0.0527,980,27,980,27,0
1980,0.0526,980,27,980,27,0
1981,0.0525,980,27,980,27,0
1982,0.0523,980,27,980,27,0
1983,0.0522,980,27,980,27,0
1984,0.0521,980,27,980,27,1
1985,0.0519,980,27,980,27,0
1986,0.0518,980,27,980,27,0
1987,0.0517,980,27,980,27,0
1988,0.0515,980,27,980,27,0
1989,0.0514,980,27,980,27,0
1990,0.0513,980,27,980,27,0
1991,0.0512,980,27,980,27,0
1992,0.0510,980,27,980,27,0
1993,0.0509,980,27,980,27,1
1994,0.0508,980,27,980,27,0
1995,0.0506,980,27,980,27,1
1996,0.0505,980,27,980,27,0
1997,0.0504,980,27,980,27,0
1998,0.0503,980,27,980,27,0
1999,0.0501,980,27,980,27,0
